,year,activity,fatal,night_day,fy,fn,decade
0,2018,surfing,N,Day,0,1,2010
1,2018,standing,N,Day,0,1,2010
2,2018,surfing,N,Night,0,1,2010
6,2018,swimming,Y,Day,1,0,2010
8,2018,standing,N,Day,0,1,2010
9,2018,standing,N,Day,0,1,2010
10,2018,other,N,Day,0,1,2010
12,2018,swimming,N,Day,0,1,2010
13,2018,fishing,N,Day,0,1,2010
15,2018,surfing,N,Day,0,1,2010
16,2018,surfing,N,Day,0,1,2010
18,2018,swimming,N,Day,0,1,2010
19,2018,surfing,N,Day,0,1,2010
20,2018,surfing,N,Night,0,1,2010
21,2018,surfing,N,Day,0,1,2010
22,2018,surfing,N,Day,0,1,2010
23,2018,fishing,N,Night,0,1,2010
24,2018,surfing,N,Day,0,1,2010
29,2018,surfing,N,Day,0,1,2010
30,2018,surfing,N,Day,0,1,2010
32,2018,surfing,N,Day,0,1,2010
33,2018,swimming,N,Day,0,1,2010
34,2018,surfing,N,Day,0,1,2010
35,2018,surfing,N,Day,0,1,2010
36,2018,standing,N,Day,0,1,2010
37,2018,swimming,N,Day,0,1,2010
38,2018,surfing,N,Night,0,1,2010
40,2018,swimming,N,Day,0,1,2010
41,2018,fishing,N,Night,0,1,2010
42,2018,standing,N,Day,0,1,2010
43,2018,swimming,N,Day,0,1,2010
47,2018,other,N,Day,0,1,2010
48,2018,fishing,N,Day,0,1,2010
49,2018,swimming,N,Day,0,1,2010
51,2018,surfing,N,Day,0,1,2010
53,2017,surfing,N,Day,0,1,2010
54,2017,surfing,N,Day,0,1,2010
60,2017,fishing,N,Day,0,1,2010
61,2017,surfing,N,Day,0,1,2010
63,2017,surfing,N,Day,0,1,2010
64,2017,swimming,Y,Night,1,0,2010
66,2017,surfing,N,Day,0,1,2010
67,2017,surfing,N,Day,0,1,2010
68,2017,swimming,N,Day,0,1,2010
69,2017,surfing,N,Day,0,1,2010
70,2017,swimming,N,Day,0,1,2010
71,2017,fishing,N,Day,0,1,2010
72,2017,surfing,N,Day,0,1,2010
73,2017,swimming,N,Day,0,1,2010
74,2017,surfing,N,Day,0,1,2010
75,2017,swimming,N,Day,0,1,2010
77,2017,surfing,N,Day,0,1,2010
78,2017,surfing,N,Day,0,1,2010
79,2017,surfing,,Day,0,0,2010
80,2017,surfing,N,Day,0,1,2010
81,2017,surfing,N,Day,0,1,2010
83,2017,surfing,N,Day,0,1,2010
84,2017,swimming,,Day,0,0,2010
85,2017,fishing,N,Night,0,1,2010
87,2017,surfing,N,Day,0,1,2010
88,2017,swimming,N,Day,0,1,2010
89,2017,surfing,N,Night,0,1,2010
91,2017,swimming,Y,Day,1,0,2010
92,2017,surfing,N,Day,0,1,2010
95,2017,surfing,N,Day,0,1,2010
96,2017,surfing,N,Day,0,1,2010
97,2017,standing,N,Day,0,1,2010
98,2017,swimming,,Day,0,0,2010
100,2017,other,N,Day,0,1,2010
101,2017,fishing,N,Day,0,1,2010
102,2017,swimming,N,Day,0,1,2010
104,2017,fishing,N,Night,0,1,2010
105,2017,fishing,N,Day,0,1,2010
106,2017,surfing,N,Day,0,1,2010
107,2017,swimming,,Day,0,0,2010
108,2017,other,N,Day,0,1,2010
111,2017,surfing,N,Day,0,1,2010
113,2017,swimming,N,Day,0,1,2010
114,2017,other,N,Day,0,1,2010
116,2017,surfing,N,Day,0,1,2010
117,2017,other,N,Night,0,1,2010
118,2017,surfing,N,Day,0,1,2010
119,2017,surfing,N,Day,0,1,2010
120,2017,surfing,N,Day,0,1,2010
121,2017,swimming,N,Day,0,1,2010
123,2017,surfing,N,Day,0,1,2010
125,2017,fishing,,Day,0,0,2010
127,2017,surfing,N,Day,0,1,2010
129,2017,surfing,N,Day,0,1,2010
130,2017,swimming,N,Day,0,1,2010
133,2017,surfing,N,Day,0,1,2010
134,2017,surfing,N,Day,0,1,2010
135,2017,surfing,N,Day,0,1,2010
138,2017,swimming,N,Day,0,1,2010
140,2017,other,N,Day,0,1,2010
142,2017,fishing,N,Day,0,1,2010
144,2017,swimming,Y,Day,1,0,2010
145,2017,surfing,,Day,0,0,2010
146,2017,swimming,N,Day,0,1,2010
147,2017,surfing,N,Day,0,1,2010
148,2017,surfing,N,Day,0,1,2010
149,2017,surfing,Y,Day,1,0,2010
150,2017,surfing,N,Day,0,1,2010
152,2017,swimming,N,Day,0,1,2010
153,2017,swimming,,Day,0,0,2010
154,2017,other,N,Day,0,1,2010
155,2017,surfing,Y,Day,1,0,2010
156,2017,surfing,N,Day,0,1,2010
157,2017,surfing,N,Day,0,1,2010
158,2017,surfing,N,Day,0,1,2010
160,2017,surfing,N,Day,0,1,2010
161,2017,surfing,N,Day,0,1,2010
162,2017,swimming,N,Day,0,1,2010
164,2017,swimming,N,Day,0,1,2010
165,2017,surfing,N,Day,0,1,2010
166,2017,swimming,N,Day,0,1,2010
167,2017,surfing,N,Day,0,1,2010
168,2017,surfing,N,Day,0,1,2010
169,2017,surfing,N,Day,0,1,2010
172,2017,swimming,N,Day,0,1,2010
173,2017,surfing,N,Day,0,1,2010
174,2017,surfing,Y,Day,1,0,2010
175,2017,fishing,N,Day,0,1,2010
176,2017,swimming,N,Day,0,1,2010
177,2017,other,N,Day,0,1,2010
181,2017,swimming,N,Day,0,1,2010
182,2017,other,N,Day,0,1,2010
183,2017,swimming,N,Day,0,1,2010
184,2017,swimming,N,Day,0,1,2010
185,2017,other,N,Day,0,1,2010
186,2017,surfing,N,Night,0,1,2010
188,2017,standing,N,Day,0,1,2010
189,2017,standing,,Day,0,0,2010
190,2016,surfing,N,Day,0,1,2010
191,2016,swimming,N,Day,0,1,2010
192,2016,surfing,N,Night,0,1,2010
193,2016,swimming,N,Day,0,1,2010
195,2016,surfing,,Day,0,0,2010
196,2016,fishing,N,Night,0,1,2010
197,2016,surfing,N,Day,0,1,2010
198,2016,fishing,N,Day,0,1,2010
199,2016,swimming,N,Day,0,1,2010
200,2016,surfing,N,Day,0,1,2010
201,2016,surfing,N,Day,0,1,2010
202,2016,surfing,N,Night,0,1,2010
203,2016,surfing,N,Day,0,1,2010
204,2016,surfing,N,Day,0,1,2010
205,2016,swimming,N,Day,0,1,2010
207,2016,surfing,N,Day,0,1,2010
208,2016,surfing,N,Day,0,1,2010
209,2016,surfing,N,Day,0,1,2010
210,2016,surfing,N,Day,0,1,2010
211,2016,surfing,N,Day,0,1,2010
212,2016,surfing,N,Day,0,1,2010
213,2016,surfing,N,Day,0,1,2010
214,2016,surfing,N,Day,0,1,2010
215,2016,surfing,N,Day,0,1,2010
219,2016,standing,N,Day,0,1,2010
220,2016,swimming,N,Day,0,1,2010
221,2016,surfing,Y,Day,1,0,2010
222,2016,surfing,N,Day,0,1,2010
223,2016,surfing,N,Day,0,1,2010
227,2016,surfing,N,Day,0,1,2010
228,2016,surfing,N,Day,0,1,2010
229,2016,surfing,N,Day,0,1,2010
230,2016,standing,N,Day,0,1,2010
232,2016,surfing,N,Day,0,1,2010
234,2016,swimming,N,Day,0,1,2010
238,2016,surfing,N,Day,0,1,2010
239,2016,surfing,N,Day,0,1,2010
242,2016,fishing,N,Day,0,1,2010
244,2016,surfing,N,Day,0,1,2010
245,2016,other,N,Day,0,1,2010
246,2016,surfing,N,Day,0,1,2010
251,2016,fishing,N,Day,0,1,2010
253,2016,swimming,N,Day,0,1,2010
254,2016,fishing,N,Night,0,1,2010
255,2016,other,N,Day,0,1,2010
256,2016,surfing,N,Day,0,1,2010
257,2016,swimming,N,Day,0,1,2010
259,2016,swimming,N,Day,0,1,2010
260,2016,standing,N,Day,0,1,2010
261,2016,surfing,N,Night,0,1,2010
263,2016,swimming,N,Day,0,1,2010
264,2016,standing,N,Day,0,1,2010
265,2016,surfing,,Day,0,0,2010
266,2016,swimming,N,Day,0,1,2010
267,2016,swimming,Y,Day,1,0,2010
268,2016,swimming,N,Day,0,1,2010
270,2016,surfing,N,Day,0,1,2010
271,2016,surfing,Y,Day,1,0,2010
272,2016,swimming,N,Day,0,1,2010
273,2016,swimming,N,Day,0,1,2010
274,2016,swimming,N,Day,0,1,2010
275,2016,swimming,N,Day,0,1,2010
276,2016,swimming,N,Day,0,1,2010
277,2016,swimming,N,Day,0,1,2010
278,2016,other,N,Day,0,1,2010
279,2016,swimming,N,Day,0,1,2010
280,2016,fishing,N,Day,0,1,2010
281,2016,surfing,N,Night,0,1,2010
282,2016,surfing,N,Day,0,1,2010
283,2016,surfing,N,Day,0,1,2010
284,2016,swimming,N,Day,0,1,2010
285,2016,fishing,N,Day,0,1,2010
286,2016,fishing,N,Day,0,1,2010
288,2016,standing,Y,Day,1,0,2010
292,2016,swimming,N,Day,0,1,2010
293,2016,surfing,N,Day,0,1,2010
295,2016,surfing,N,Day,0,1,2010
297,2016,surfing,,Day,0,0,2010
298,2016,surfing,N,Day,0,1,2010
299,2016,swimming,Y,Day,1,0,2010
300,2016,other,N,Day,0,1,2010
301,2016,fishing,N,Night,0,1,2010
303,2016,surfing,N,Day,0,1,2010
304,2016,fishing,N,Day,0,1,2010
305,2016,standing,N,Day,0,1,2010
307,2016,surfing,,Day,0,0,2010
308,2016,standing,N,Day,0,1,2010
309,2016,surfing,N,Day,0,1,2010
312,2016,surfing,N,Day,0,1,2010
313,2016,surfing,N,Day,0,1,2010
314,2016,fishing,N,Day,0,1,2010
316,2016,surfing,N,Day,0,1,2010
318,2016,standing,N,Day,0,1,2010
319,2016,fishing,N,Day,0,1,2010
320,2015,fishing,N,Day,0,1,2010
322,2015,surfing,N,Day,0,1,2010
323,2015,surfing,N,Night,0,1,2010
326,2015,fishing,N,Day,0,1,2010
328,2015,swimming,N,Day,0,1,2010
329,2015,swimming,N,Day,0,1,2010
330,2015,surfing,N,Day,0,1,2010
331,2015,swimming,N,Day,0,1,2010
333,2015,surfing,N,Day,0,1,2010
334,2015,surfing,,Day,0,0,2010
335,2015,swimming,N,Day,0,1,2010
336,2015,standing,N,Day,0,1,2010
337,2015,fishing,N,Night,0,1,2010
339,2015,surfing,N,Day,0,1,2010
340,2015,surfing,N,Day,0,1,2010
341,2015,surfing,N,Day,0,1,2010
342,2015,surfing,N,Day,0,1,2010
344,2015,surfing,,Day,0,0,2010
345,2015,swimming,N,Day,0,1,2010
346,2015,fishing,N,Day,0,1,2010
347,2015,surfing,N,Day,0,1,2010
348,2015,surfing,N,Day,0,1,2010
350,2015,surfing,N,Day,0,1,2010
351,2015,surfing,N,Day,0,1,2010
352,2015,standing,N,Day,0,1,2010
353,2015,surfing,N,Day,0,1,2010
354,2015,surfing,N,Day,0,1,2010
355,2015,swimming,N,Day,0,1,2010
356,2015,fishing,N,Day,0,1,2010
357,2015,surfing,N,Day,0,1,2010
358,2015,fishing,N,Day,0,1,2010
359,2015,standing,N,Day,0,1,2010
360,2015,fishing,N,Night,0,1,2010
362,2015,swimming,N,Day,0,1,2010
363,2015,surfing,N,Day,0,1,2010
364,2015,surfing,N,Night,0,1,2010
365,2015,surfing,N,Day,0,1,2010
366,2015,fishing,N,Day,0,1,2010
367,2015,surfing,N,Day,0,1,2010
368,2015,other,N,Day,0,1,2010
369,2015,standing,N,Day,0,1,2010
371,2015,surfing,N,Day,0,1,2010
372,2015,surfing,N,Day,0,1,2010
373,2015,other,,Day,0,0,2010
374,2015,surfing,N,Day,0,1,2010
375,2015,surfing,N,Day,0,1,2010
376,2015,standing,N,Day,0,1,2010
377,2015,fishing,N,Night,0,1,2010
378,2015,swimming,,Day,0,0,2010
379,2015,fishing,N,Day,0,1,2010
380,2015,surfing,N,Night,0,1,2010
383,2015,surfing,N,Day,0,1,2010
384,2015,swimming,,Day,0,0,2010
385,2015,swimming,Y,Day,1,0,2010
390,2015,surfing,N,Day,0,1,2010
394,2015,other,N,Night,0,1,2010
395,2015,surfing,N,Day,0,1,2010
396,2015,surfing,N,Day,0,1,2010
397,2015,swimming,N,Day,0,1,2010
399,2015,swimming,N,Day,0,1,2010
400,2015,swimming,N,Day,0,1,2010
401,2015,surfing,N,Day,0,1,2010
402,2015,swimming,,Day,0,0,2010
403,2015,surfing,N,Day,0,1,2010
404,2015,standing,N,Day,0,1,2010
406,2015,surfing,N,Day,0,1,2010
407,2015,swimming,N,Day,0,1,2010
408,2015,surfing,N,Day,0,1,2010
410,2015,fishing,N,Day,0,1,2010
411,2015,swimming,N,Day,0,1,2010
412,2015,standing,N,Day,0,1,2010
413,2015,standing,N,Day,0,1,2010
415,2015,surfing,N,Day,0,1,2010
416,2015,swimming,N,Day,0,1,2010
418,2015,surfing,N,Day,0,1,2010
419,2015,standing,N,Day,0,1,2010
420,2015,standing,N,Day,0,1,2010
421,2015,fishing,N,Day,0,1,2010
423,2015,surfing,N,Day,0,1,2010
424,2015,other,N,Day,0,1,2010
426,2015,swimming,N,Day,0,1,2010
427,2015,surfing,N,Day,0,1,2010
428,2015,swimming,N,Day,0,1,2010
429,2015,swimming,Y,Day,1,0,2010
430,2015,standing,N,Day,0,1,2010
431,2015,surfing,N,Day,0,1,2010
432,2015,surfing,N,Day,0,1,2010
434,2015,surfing,Y,Day,1,0,2010
435,2015,surfing,N,Night,0,1,2010
436,2015,fishing,N,Day,0,1,2010
438,2015,surfing,,Day,0,0,2010
441,2015,swimming,N,Day,0,1,2010
442,2015,other,N,Day,0,1,2010
443,2015,fishing,N,Day,0,1,2010
444,2015,fishing,N,Day,0,1,2010
447,2015,swimming,Y,Day,1,0,2010
448,2015,surfing,Y,Day,1,0,2010
449,2015,surfing,N,Night,0,1,2010
451,2015,other,N,Night,0,1,2010
452,2015,fishing,N,Night,0,1,2010
454,2015,swimming,N,Day,0,1,2010
457,2015,fishing,N,Day,0,1,2010
459,2015,surfing,,Night,0,0,2010
460,2015,swimming,N,Day,0,1,2010
461,2015,surfing,N,Day,0,1,2010
462,2015,other,N,Day,0,1,2010
463,2014,surfing,N,Day,0,1,2010
464,2014,fishing,Y,Day,1,0,2010
466,2014,swimming,,Day,0,0,2010
467,2014,surfing,N,Day,0,1,2010
468,2014,fishing,N,Day,0,1,2010
470,2014,fishing,Y,Day,1,0,2010
471,2014,fishing,N,Night,0,1,2010
472,2014,surfing,N,Night,0,1,2010
476,2014,surfing,N,Day,0,1,2010
477,2014,swimming,N,Day,0,1,2010
478,2014,surfing,N,Night,0,1,2010
479,2014,surfing,N,Day,0,1,2010
480,2014,surfing,N,Day,0,1,2010
481,2014,surfing,N,Day,0,1,2010
482,2014,surfing,N,Day,0,1,2010
483,2014,surfing,N,Day,0,1,2010
485,2014,surfing,N,Day,0,1,2010
486,2014,surfing,N,Night,0,1,2010
488,2014,surfing,N,Day,0,1,2010
489,2014,surfing,N,Day,0,1,2010
490,2014,surfing,N,Day,0,1,2010
491,2014,fishing,N,Day,0,1,2010
492,2014,surfing,N,Day,0,1,2010
493,2014,surfing,N,Day,0,1,2010
494,2014,surfing,N,Day,0,1,2010
495,2014,surfing,N,Day,0,1,2010
496,2014,surfing,N,Day,0,1,2010
497,2014,surfing,N,Day,0,1,2010
499,2014,surfing,,Day,0,0,2010
500,2014,swimming,Y,Day,1,0,2010
501,2014,fishing,N,Day,0,1,2010
502,2014,surfing,N,Day,0,1,2010
503,2014,fishing,N,Day,0,1,2010
505,2014,surfing,N,Day,0,1,2010
507,2014,other,,Day,0,0,2010
511,2014,standing,N,Day,0,1,2010
515,2014,standing,N,Day,0,1,2010
518,2014,swimming,N,Day,0,1,2010
519,2014,swimming,N,Day,0,1,2010
520,2014,surfing,N,Day,0,1,2010
523,2014,surfing,N,Day,0,1,2010
524,2014,surfing,N,Day,0,1,2010
527,2014,surfing,N,Day,0,1,2010
528,2014,standing,N,Day,0,1,2010
530,2014,swimming,N,Day,0,1,2010
531,2014,swimming,N,Day,0,1,2010
532,2014,swimming,,Night,0,0,2010
534,2014,surfing,N,Day,0,1,2010
535,2014,swimming,N,Day,0,1,2010
536,2014,surfing,N,Night,0,1,2010
537,2014,surfing,N,Day,0,1,2010
539,2014,fishing,N,Day,0,1,2010
540,2014,surfing,N,Day,0,1,2010
541,2014,surfing,N,Day,0,1,2010
544,2014,standing,N,Day,0,1,2010
545,2014,surfing,N,Day,0,1,2010
546,2014,surfing,N,Day,0,1,2010
547,2014,other,N,Day,0,1,2010
548,2014,swimming,N,Day,0,1,2010
549,2014,surfing,N,Day,0,1,2010
552,2014,swimming,N,Day,0,1,2010
554,2014,surfing,N,Day,0,1,2010
555,2014,surfing,N,Day,0,1,2010
556,2014,standing,N,Day,0,1,2010
559,2014,swimming,N,Day,0,1,2010
561,2014,surfing,N,Day,0,1,2010
563,2014,swimming,N,Day,0,1,2010
564,2014,standing,N,Day,0,1,2010
566,2014,fishing,N,Day,0,1,2010
567,2014,surfing,N,Day,0,1,2010
568,2014,surfing,N,Day,0,1,2010
569,2014,swimming,Y,Day,1,0,2010
570,2014,swimming,,Day,0,0,2010
571,2014,swimming,Y,Day,1,0,2010
574,2014,surfing,N,Day,0,1,2010
575,2014,surfing,N,Day,0,1,2010
576,2014,other,,Day,0,0,2010
577,2014,swimming,N,Day,0,1,2010
580,2014,surfing,N,Day,0,1,2010
581,2014,other,N,Night,0,1,2010
582,2014,fishing,Y,Day,1,0,2010
584,2014,surfing,N,Day,0,1,2010
590,2013,swimming,N,Day,0,1,2010
591,2013,surfing,N,Day,0,1,2010
593,2013,surfing,N,Day,0,1,2010
594,2013,surfing,N,Day,0,1,2010
595,2013,surfing,N,Day,0,1,2010
596,2013,fishing,Y,Day,1,0,2010
597,2013,surfing,Y,Day,1,0,2010
598,2013,swimming,N,Day,0,1,2010
599,2013,surfing,Y,Day,1,0,2010
600,2013,surfing,N,Day,0,1,2010
601,2013,surfing,N,Day,0,1,2010
602,2013,fishing,N,Day,0,1,2010
603,2013,surfing,N,Day,0,1,2010
605,2013,surfing,N,Day,0,1,2010
606,2013,swimming,N,Day,0,1,2010
607,2013,surfing,N,Day,0,1,2010
608,2013,fishing,N,Day,0,1,2010
609,2013,surfing,N,Day,0,1,2010
610,2013,swimming,N,Day,0,1,2010
611,2013,surfing,N,Day,0,1,2010
612,2013,standing,N,Day,0,1,2010
613,2013,swimming,Y,Day,1,0,2010
614,2013,swimming,N,Day,0,1,2010
615,2013,surfing,N,Day,0,1,2010
616,2013,standing,N,Day,0,1,2010
617,2013,surfing,N,Day,0,1,2010
618,2013,swimming,N,Day,0,1,2010
619,2013,standing,N,Day,0,1,2010
620,2013,swimming,N,Day,0,1,2010
621,2013,surfing,N,Day,0,1,2010
622,2013,swimming,N,Day,0,1,2010
623,2013,surfing,N,Day,0,1,2010
625,2013,surfing,N,Day,0,1,2010
626,2013,standing,N,Day,0,1,2010
627,2013,swimming,N,Day,0,1,2010
630,2013,other,N,Day,0,1,2010
632,2013,swimming,N,Night,0,1,2010
634,2013,fishing,N,Day,0,1,2010
635,2013,surfing,N,Day,0,1,2010
636,2013,other,N,Day,0,1,2010
637,2013,surfing,N,Day,0,1,2010
638,2013,surfing,N,Day,0,1,2010
639,2013,swimming,Y,Day,1,0,2010
640,2013,surfing,N,Day,0,1,2010
641,2013,surfing,N,Day,0,1,2010
643,2013,fishing,N,Day,0,1,2010
644,2013,swimming,N,Day,0,1,2010
646,2013,fishing,N,Day,0,1,2010
647,2013,standing,N,Day,0,1,2010
648,2013,surfing,N,Day,0,1,2010
649,2013,fishing,N,Day,0,1,2010
650,2013,swimming,N,Day,0,1,2010
651,2013,swimming,Y,Day,1,0,2010
652,2013,surfing,N,Day,0,1,2010
654,2013,swimming,Y,Day,1,0,2010
656,2013,standing,N,Day,0,1,2010
661,2013,fishing,N,Day,0,1,2010
663,2013,swimming,N,Day,0,1,2010
664,2013,swimming,N,Day,0,1,2010
665,2013,swimming,N,Day,0,1,2010
666,2013,surfing,N,Day,0,1,2010
668,2013,surfing,N,Day,0,1,2010
670,2013,surfing,N,Day,0,1,2010
672,2013,swimming,N,Day,0,1,2010
674,2013,fishing,N,Night,0,1,2010
675,2013,surfing,N,Day,0,1,2010
677,2013,surfing,Y,Day,1,0,2010
678,2013,surfing,N,Day,0,1,2010
680,2013,swimming,N,Day,0,1,2010
681,2013,fishing,N,Day,0,1,2010
682,2013,surfing,N,Day,0,1,2010
684,2013,surfing,N,Day,0,1,2010
686,2013,surfing,N,Day,0,1,2010
689,2013,surfing,N,Day,0,1,2010
694,2013,fishing,N,Day,0,1,2010
696,2013,fishing,Y,Day,1,0,2010
697,2013,fishing,N,Day,0,1,2010
700,2013,swimming,Y,Day,1,0,2010
701,2013,surfing,N,Day,0,1,2010
703,2013,surfing,N,Day,0,1,2010
704,2013,swimming,N,Day,0,1,2010
709,2013,surfing,N,Day,0,1,2010
711,2013,fishing,N,Day,0,1,2010
712,2012,swimming,N,Day,0,1,2010
713,2012,surfing,N,Day,0,1,2010
714,2012,surfing,N,Day,0,1,2010
716,2012,surfing,N,Day,0,1,2010
717,2012,surfing,N,Day,0,1,2010
718,2012,fishing,N,Day,0,1,2010
720,2012,swimming,N,Day,0,1,2010
721,2012,other,,Day,0,0,2010
722,2012,swimming,Y,Day,1,0,2010
723,2012,surfing,N,Day,0,1,2010
724,2012,swimming,N,Day,0,1,2010
725,2012,surfing,N,Day,0,1,2010
726,2012,surfing,N,Day,0,1,2010
727,2012,swimming,N,Day,0,1,2010
728,2012,surfing,Y,Day,1,0,2010
730,2012,surfing,N,Day,0,1,2010
731,2012,surfing,N,Night,0,1,2010
732,2012,other,,Day,0,0,2010
734,2012,surfing,N,Day,0,1,2010
735,2012,surfing,N,Day,0,1,2010
736,2012,surfing,N,Day,0,1,2010
737,2012,surfing,N,Day,0,1,2010
738,2012,surfing,N,Day,0,1,2010
740,2012,surfing,N,Day,0,1,2010
741,2012,surfing,N,Day,0,1,2010
742,2012,swimming,N,Day,0,1,2010
743,2012,surfing,N,Day,0,1,2010
744,2012,surfing,N,Day,0,1,2010
745,2012,surfing,N,Night,0,1,2010
746,2012,surfing,N,Day,0,1,2010
747,2012,fishing,N,Day,0,1,2010
748,2012,surfing,N,Day,0,1,2010
750,2012,surfing,N,Day,0,1,2010
751,2012,swimming,Y,Day,1,0,2010
753,2012,fishing,N,Day,0,1,2010
754,2012,swimming,N,Day,0,1,2010
755,2012,surfing,N,Day,0,1,2010
757,2012,surfing,N,Night,0,1,2010
758,2012,surfing,N,Day,0,1,2010
759,2012,surfing,N,Day,0,1,2010
760,2012,surfing,N,Day,0,1,2010
761,2012,other,,Day,0,0,2010
762,2012,surfing,Y,Day,1,0,2010
765,2012,surfing,Y,Day,1,0,2010
766,2012,swimming,N,Day,0,1,2010
768,2012,swimming,,Day,0,0,2010
769,2012,surfing,N,Day,0,1,2010
770,2012,surfing,N,Day,0,1,2010
772,2012,swimming,N,Day,0,1,2010
773,2012,surfing,N,Day,0,1,2010
774,2012,standing,N,Day,0,1,2010
776,2012,swimming,N,Day,0,1,2010
777,2012,surfing,N,Night,0,1,2010
779,2012,standing,N,Day,0,1,2010
780,2012,fishing,N,Day,0,1,2010
781,2012,swimming,N,Day,0,1,2010
784,2012,swimming,N,Day,0,1,2010
785,2012,surfing,N,Day,0,1,2010
787,2012,surfing,N,Day,0,1,2010
789,2012,surfing,N,Day,0,1,2010
790,2012,standing,N,Day,0,1,2010
791,2012,fishing,N,Day,0,1,2010
792,2012,surfing,N,Day,0,1,2010
793,2012,fishing,N,Day,0,1,2010
795,2012,fishing,N,Day,0,1,2010
796,2012,swimming,N,Day,0,1,2010
797,2012,surfing,N,Night,0,1,2010
798,2012,surfing,N,Day,0,1,2010
799,2012,surfing,Y,Day,1,0,2010
801,2012,surfing,N,Day,0,1,2010
803,2012,swimming,Y,Day,1,0,2010
804,2012,surfing,N,Day,0,1,2010
805,2012,fishing,N,Night,0,1,2010
806,2012,surfing,N,Day,0,1,2010
807,2012,surfing,N,Day,0,1,2010
808,2012,surfing,N,Day,0,1,2010
809,2012,surfing,N,Day,0,1,2010
810,2012,surfing,N,Day,0,1,2010
811,2012,swimming,N,Day,0,1,2010
812,2012,surfing,N,Day,0,1,2010
813,2012,surfing,N,Day,0,1,2010
816,2012,surfing,N,Day,0,1,2010
817,2012,fishing,N,Day,0,1,2010
819,2012,surfing,N,Day,0,1,2010
820,2012,swimming,N,Day,0,1,2010
821,2012,swimming,N,Day,0,1,2010
824,2012,surfing,N,Day,0,1,2010
825,2012,swimming,Y,Day,1,0,2010
827,2012,surfing,N,Day,0,1,2010
828,2012,fishing,N,Day,0,1,2010
829,2011,other,N,Day,0,1,2010
830,2011,swimming,,Day,0,0,2010
831,2011,surfing,N,Day,0,1,2010
832,2011,surfing,N,Day,0,1,2010
834,2011,fishing,N,Night,0,1,2010
835,2011,surfing,N,Night,0,1,2010
838,2011,surfing,N,Day,0,1,2010
840,2011,surfing,N,Night,0,1,2010
841,2011,surfing,N,Day,0,1,2010
842,2011,swimming,N,Day,0,1,2010
846,2011,fishing,N,Day,0,1,2010
850,2011,swimming,Y,Day,1,0,2010
852,2011,swimming,N,Day,0,1,2010
855,2011,swimming,Y,Day,1,0,2010
856,2011,other,N,Day,0,1,2010
857,2011,fishing,N,Day,0,1,2010
859,2011,surfing,,Day,0,0,2010
861,2011,swimming,N,Day,0,1,2010
862,2011,fishing,N,Day,0,1,2010
863,2011,swimming,N,Day,0,1,2010
864,2011,other,N,Day,0,1,2010
865,2011,surfing,Y,Day,1,0,2010
867,2011,surfing,N,Day,0,1,2010
868,2011,surfing,N,Day,0,1,2010
869,2011,surfing,N,Day,0,1,2010
870,2011,surfing,N,Day,0,1,2010
871,2011,surfing,Y,Day,1,0,2010
872,2011,surfing,N,Day,0,1,2010
873,2011,surfing,N,Day,0,1,2010
874,2011,swimming,,Day,0,0,2010
875,2011,fishing,N,Day,0,1,2010
876,2011,standing,N,Day,0,1,2010
878,2011,other,N,Day,0,1,2010
879,2011,surfing,Y,Day,1,0,2010
881,2011,standing,N,Day,0,1,2010
882,2011,other,,Day,0,0,2010
883,2011,swimming,N,Night,0,1,2010
884,2011,surfing,N,Day,0,1,2010
885,2011,swimming,N,Night,0,1,2010
886,2011,swimming,Y,Day,1,0,2010
888,2011,swimming,N,Day,0,1,2010
889,2011,swimming,Y,Day,1,0,2010
892,2011,fishing,N,Night,0,1,2010
893,2011,surfing,N,Day,0,1,2010
894,2011,surfing,N,Day,0,1,2010
895,2011,surfing,N,Day,0,1,2010
896,2011,fishing,N,Day,0,1,2010
897,2011,swimming,N,Day,0,1,2010
898,2011,swimming,N,Day,0,1,2010
900,2011,surfing,N,Day,0,1,2010
901,2011,surfing,N,Day,0,1,2010
902,2011,swimming,N,Day,0,1,2010
903,2011,surfing,N,Day,0,1,2010
904,2011,swimming,N,Day,0,1,2010
905,2011,surfing,N,Day,0,1,2010
906,2011,surfing,N,Day,0,1,2010
907,2011,other,N,Day,0,1,2010
909,2011,surfing,Y,Day,1,0,2010
910,2011,surfing,Y,Day,1,0,2010
912,2011,swimming,N,Day,0,1,2010
915,2011,standing,N,Day,0,1,2010
917,2011,surfing,N,Day,0,1,2010
919,2011,surfing,N,Day,0,1,2010
920,2011,surfing,N,Day,0,1,2010
921,2011,fishing,Y,Day,1,0,2010
922,2011,surfing,N,Day,0,1,2010
923,2011,surfing,Y,Day,1,0,2010
924,2011,surfing,N,Night,0,1,2010
929,2011,fishing,N,Day,0,1,2010
930,2011,surfing,N,Day,0,1,2010
931,2011,surfing,N,Day,0,1,2010
932,2011,surfing,N,Day,0,1,2010
933,2011,swimming,N,Day,0,1,2010
936,2011,surfing,N,Day,0,1,2010
938,2011,fishing,N,Day,0,1,2010
939,2011,surfing,N,Day,0,1,2010
942,2011,fishing,N,Day,0,1,2010
943,2011,fishing,N,Day,0,1,2010
944,2011,surfing,N,Day,0,1,2010
945,2011,swimming,Y,Day,1,0,2010
946,2011,fishing,N,Day,0,1,2010
947,2011,swimming,N,Day,0,1,2010
950,2011,swimming,N,Day,0,1,2010
952,2011,swimming,N,Day,0,1,2010
953,2011,swimming,,Day,0,0,2010
954,2011,surfing,Y,Day,1,0,2010
956,2011,fishing,N,Day,0,1,2010
957,2010,surfing,N,Day,0,1,2000
959,2010,surfing,N,Day,0,1,2000
960,2010,swimming,Y,Day,1,0,2000
962,2010,swimming,N,Day,0,1,2000
963,2010,swimming,N,Day,0,1,2000
964,2010,swimming,N,Day,0,1,2000
965,2010,swimming,N,Day,0,1,2000
966,2010,fishing,N,Day,0,1,2000
968,2010,swimming,N,Day,0,1,2000
969,2010,swimming,Y,Day,1,0,2000
971,2010,fishing,N,Night,0,1,2000
972,2010,swimming,N,Day,0,1,2000
974,2010,surfing,N,Day,0,1,2000
976,2010,swimming,N,Day,0,1,2000
978,2010,surfing,Y,Day,1,0,2000
980,2010,surfing,N,Day,0,1,2000
982,2010,surfing,N,Day,0,1,2000
983,2010,surfing,N,Day,0,1,2000
984,2010,surfing,N,Day,0,1,2000
985,2010,surfing,N,Day,0,1,2000
987,2010,surfing,N,Day,0,1,2000
989,2010,swimming,N,Day,0,1,2000
991,2010,surfing,N,Day,0,1,2000
992,2010,surfing,N,Day,0,1,2000
995,2010,surfing,N,Day,0,1,2000
996,2010,surfing,Y,Day,1,0,2000
998,2010,fishing,N,Day,0,1,2000
999,2010,swimming,N,Day,0,1,2000
1000,2010,surfing,N,Day,0,1,2000
1001,2010,surfing,N,Day,0,1,2000
1003,2010,swimming,,Day,0,0,2000
1004,2010,surfing,N,Day,0,1,2000
1005,2010,standing,N,Day,0,1,2000
1007,2010,surfing,N,Day,0,1,2000
1008,2010,swimming,N,Day,0,1,2000
1009,2010,swimming,N,Day,0,1,2000
1011,2010,swimming,N,Day,0,1,2000
1015,2010,fishing,N,Day,0,1,2000
1016,2010,surfing,N,Night,0,1,2000
1017,2010,surfing,N,Day,0,1,2000
1020,2010,swimming,N,Day,0,1,2000
1021,2010,swimming,N,Day,0,1,2000
1022,2010,surfing,N,Day,0,1,2000
1023,2010,surfing,N,Day,0,1,2000
1025,2010,fishing,N,Day,0,1,2000
1026,2010,other,N,Day,0,1,2000
1027,2010,swimming,N,Day,0,1,2000
1028,2010,surfing,N,Day,0,1,2000
1029,2010,swimming,N,Day,0,1,2000
1030,2010,standing,N,Day,0,1,2000
1031,2010,other,N,Day,0,1,2000
1032,2010,surfing,N,Day,0,1,2000
1033,2010,surfing,N,Day,0,1,2000
1034,2010,swimming,N,Day,0,1,2000
1035,2010,surfing,N,Day,0,1,2000
1036,2010,swimming,N,Night,0,1,2000
1037,2010,surfing,N,Day,0,1,2000
1038,2010,swimming,Y,Day,1,0,2000
1039,2010,swimming,N,Day,0,1,2000
1040,2010,surfing,N,Day,0,1,2000
1042,2010,surfing,N,Day,0,1,2000
1043,2010,fishing,N,Day,0,1,2000
1044,2010,fishing,,Day,0,0,2000
1045,2010,surfing,Y,Day,1,0,2000
1046,2010,surfing,N,Day,0,1,2000
1048,2010,surfing,N,Day,0,1,2000
1049,2010,surfing,N,Night,0,1,2000
1050,2010,surfing,N,Night,0,1,2000
1051,2010,standing,Y,Day,1,0,2000
1054,2010,other,N,Day,0,1,2000
1055,2010,swimming,N,Night,0,1,2000
1056,2010,fishing,N,Day,0,1,2000
1058,2009,standing,N,Day,0,1,2000
1059,2009,swimming,N,Day,0,1,2000
1060,2009,swimming,N,Day,0,1,2000
1061,2009,surfing,N,Day,0,1,2000
1062,2009,fishing,N,Night,0,1,2000
1063,2009,surfing,Y,Day,1,0,2000
1066,2009,surfing,N,Night,0,1,2000
1067,2009,other,N,Night,0,1,2000
1068,2009,swimming,N,Day,0,1,2000
1069,2009,surfing,,Day,0,0,2000
1070,2009,standing,N,Day,0,1,2000
1071,2009,fishing,N,Day,0,1,2000
1072,2009,surfing,N,Day,0,1,2000
1073,2009,surfing,N,Day,0,1,2000
1074,2009,surfing,N,Day,0,1,2000
1075,2009,surfing,N,Day,0,1,2000
1076,2009,surfing,N,Night,0,1,2000
1077,2009,surfing,N,Day,0,1,2000
1079,2009,surfing,N,Night,0,1,2000
1080,2009,surfing,N,Day,0,1,2000
1081,2009,surfing,N,Night,0,1,2000
1082,2009,standing,N,Day,0,1,2000
1083,2009,swimming,N,Day,0,1,2000
1085,2009,surfing,N,Day,0,1,2000
1086,2009,fishing,N,Day,0,1,2000
1087,2009,swimming,N,Day,0,1,2000
1091,2009,swimming,Y,Night,1,0,2000
1092,2009,swimming,Y,Day,1,0,2000
1095,2009,surfing,N,Day,0,1,2000
1096,2009,surfing,Y,Day,1,0,2000
1097,2009,swimming,N,Day,0,1,2000
1098,2009,surfing,N,Day,0,1,2000
1099,2009,swimming,N,Day,0,1,2000
1100,2009,surfing,N,Day,0,1,2000
1101,2009,fishing,N,Day,0,1,2000
1103,2009,surfing,N,Night,0,1,2000
1104,2009,swimming,N,Day,0,1,2000
1106,2009,standing,N,Day,0,1,2000
1107,2009,swimming,,Day,0,0,2000
1108,2009,swimming,N,Day,0,1,2000
1112,2009,surfing,N,Day,0,1,2000
1113,2009,surfing,N,Day,0,1,2000
1114,2009,surfing,N,Day,0,1,2000
1115,2009,swimming,N,Day,0,1,2000
1116,2009,surfing,N,Day,0,1,2000
1118,2009,other,,Day,0,0,2000
1122,2009,swimming,Y,Day,1,0,2000
1123,2009,fishing,N,Day,0,1,2000
1124,2009,swimming,N,Day,0,1,2000
1125,2009,surfing,N,Day,0,1,2000
1126,2009,surfing,N,Day,0,1,2000
1127,2009,surfing,N,Day,0,1,2000
1128,2009,fishing,N,Day,0,1,2000
1130,2009,other,N,Day,0,1,2000
1131,2009,surfing,N,Day,0,1,2000
1132,2009,surfing,N,Day,0,1,2000
1133,2009,swimming,N,Night,0,1,2000
1134,2009,surfing,N,Day,0,1,2000
1135,2009,surfing,N,Day,0,1,2000
1137,2009,surfing,N,Day,0,1,2000
1138,2009,swimming,,Day,0,0,2000
1139,2009,fishing,N,Night,0,1,2000
1140,2009,standing,N,Day,0,1,2000
1142,2009,surfing,Y,Day,1,0,2000
1143,2009,surfing,N,Day,0,1,2000
1144,2009,surfing,N,Day,0,1,2000
1145,2009,surfing,N,Night,0,1,2000
1146,2009,surfing,N,Day,0,1,2000
1148,2009,swimming,N,Day,0,1,2000
1150,2009,surfing,Y,Day,1,0,2000
1151,2009,fishing,N,Day,0,1,2000
1153,2009,surfing,N,Night,0,1,2000
1154,2009,fishing,N,Day,0,1,2000
1155,2009,surfing,N,Day,0,1,2000
1156,2009,surfing,N,Day,0,1,2000
1157,2009,surfing,N,Night,0,1,2000
1159,2009,surfing,N,Day,0,1,2000
1160,2009,surfing,N,Night,0,1,2000
1163,2009,fishing,N,Day,0,1,2000
1164,2009,fishing,N,Day,0,1,2000
1165,2009,swimming,N,Day,0,1,2000
1166,2009,swimming,Y,Day,1,0,2000
1168,2009,fishing,N,Day,0,1,2000
1171,2009,swimming,N,Day,0,1,2000
1172,2009,surfing,N,Day,0,1,2000
1173,2009,surfing,N,Day,0,1,2000
1176,2009,swimming,N,Day,0,1,2000
1178,2008,other,,Day,0,0,2000
1181,2008,surfing,N,Day,0,1,2000
1182,2008,swimming,Y,Night,1,0,2000
1183,2008,surfing,N,Day,0,1,2000
1185,2008,fishing,N,Day,0,1,2000
1186,2008,fishing,N,Day,0,1,2000
1188,2008,swimming,N,Day,0,1,2000
1193,2008,fishing,Y,Day,1,0,2000
1194,2008,swimming,N,Day,0,1,2000
1195,2008,fishing,N,Day,0,1,2000
1197,2008,surfing,N,Day,0,1,2000
1198,2008,fishing,N,Day,0,1,2000
1199,2008,fishing,N,Day,0,1,2000
1200,2008,surfing,N,Day,0,1,2000
1201,2008,surfing,N,Day,0,1,2000
1202,2008,swimming,N,Day,0,1,2000
1203,2008,swimming,N,Day,0,1,2000
1204,2008,surfing,N,Day,0,1,2000
1205,2008,surfing,N,Day,0,1,2000
1206,2008,surfing,N,Day,0,1,2000
1207,2008,surfing,N,Day,0,1,2000
1209,2008,surfing,N,Day,0,1,2000
1210,2008,surfing,N,Day,0,1,2000
1212,2008,swimming,,Day,0,0,2000
1214,2008,surfing,N,Day,0,1,2000
1215,2008,surfing,N,Day,0,1,2000
1216,2008,surfing,N,Day,0,1,2000
1217,2008,surfing,,Day,0,0,2000
1218,2008,swimming,N,Day,0,1,2000
1220,2008,other,N,Night,0,1,2000
1221,2008,standing,N,Day,0,1,2000
1222,2008,swimming,N,Day,0,1,2000
1223,2008,surfing,N,Day,0,1,2000
1225,2008,surfing,N,Day,0,1,2000
1227,2008,swimming,N,Day,0,1,2000
1228,2008,surfing,N,Day,0,1,2000
1229,2008,swimming,N,Day,0,1,2000
1231,2008,standing,N,Day,0,1,2000
1232,2008,surfing,N,Day,0,1,2000
1233,2008,standing,N,Day,0,1,2000
1236,2008,surfing,N,Day,0,1,2000
1237,2008,swimming,N,Day,0,1,2000
1238,2008,other,N,Day,0,1,2000
1240,2008,standing,,Day,0,0,2000
1241,2008,fishing,N,Day,0,1,2000
1242,2008,surfing,N,Day,0,1,2000
1244,2008,surfing,N,Day,0,1,2000
1245,2008,swimming,N,Day,0,1,2000
1246,2008,surfing,N,Day,0,1,2000
1247,2008,surfing,N,Day,0,1,2000
1248,2008,standing,N,Day,0,1,2000
1252,2008,surfing,N,Day,0,1,2000
1253,2008,swimming,N,Day,0,1,2000
1254,2008,surfing,N,Day,0,1,2000
1256,2008,surfing,N,Day,0,1,2000
1258,2008,swimming,Y,Night,1,0,2000
1259,2008,swimming,N,Night,0,1,2000
1260,2008,fishing,N,Day,0,1,2000
1261,2008,standing,N,Day,0,1,2000
1263,2008,surfing,Y,Day,1,0,2000
1264,2008,surfing,N,Day,0,1,2000
1265,2008,surfing,N,Day,0,1,2000
1266,2008,swimming,N,Day,0,1,2000
1267,2008,surfing,N,Day,0,1,2000
1268,2008,swimming,Y,Night,1,0,2000
1269,2008,surfing,N,Day,0,1,2000
1272,2008,swimming,,Night,0,0,2000
1273,2008,surfing,,Day,0,0,2000
1274,2008,surfing,N,Day,0,1,2000
1278,2008,surfing,Y,Day,1,0,2000
1279,2008,surfing,N,Day,0,1,2000
1281,2008,surfing,N,Day,0,1,2000
1283,2008,surfing,N,Day,0,1,2000
1284,2008,standing,N,Day,0,1,2000
1285,2008,other,N,Day,0,1,2000
1286,2008,surfing,N,Day,0,1,2000
1287,2008,swimming,Y,Day,1,0,2000
1289,2008,surfing,N,Day,0,1,2000
1294,2008,other,N,Night,0,1,2000
1296,2008,other,N,Day,0,1,2000
1302,2007,surfing,N,Day,0,1,2000
1304,2007,swimming,,Day,0,0,2000
1305,2007,surfing,N,Day,0,1,2000
1309,2007,surfing,N,Day,0,1,2000
1310,2007,surfing,N,Day,0,1,2000
1311,2007,surfing,N,Day,0,1,2000
1312,2007,surfing,N,Day,0,1,2000
1313,2007,surfing,N,Day,0,1,2000
1315,2007,swimming,N,Day,0,1,2000
1316,2007,surfing,N,Day,0,1,2000
1317,2007,fishing,N,Day,0,1,2000
1318,2007,surfing,N,Day,0,1,2000
1319,2007,surfing,N,Day,0,1,2000
1320,2007,surfing,N,Day,0,1,2000
1321,2007,other,Y,Day,1,0,2000
1322,2007,swimming,Y,Day,1,0,2000
1323,2007,fishing,N,Day,0,1,2000
1324,2007,surfing,N,Day,0,1,2000
1325,2007,swimming,N,Night,0,1,2000
1328,2007,surfing,N,Day,0,1,2000
1329,2007,fishing,N,Night,0,1,2000
1330,2007,standing,N,Day,0,1,2000
1331,2007,surfing,N,Day,0,1,2000
1332,2007,swimming,N,Day,0,1,2000
1333,2007,standing,N,Day,0,1,2000
1334,2007,standing,N,Day,0,1,2000
1335,2007,standing,N,Day,0,1,2000
1336,2007,swimming,N,Day,0,1,2000
1337,2007,swimming,N,Day,0,1,2000
1338,2007,surfing,N,Day,0,1,2000
1339,2007,surfing,N,Day,0,1,2000
1340,2007,surfing,N,Day,0,1,2000
1341,2007,surfing,N,Day,0,1,2000
1343,2007,fishing,N,Day,0,1,2000
1344,2007,swimming,N,Day,0,1,2000
1345,2007,surfing,N,Day,0,1,2000
1346,2007,swimming,N,Day,0,1,2000
1347,2007,swimming,N,Night,0,1,2000
1348,2007,swimming,N,Day,0,1,2000
1349,2007,surfing,N,Day,0,1,2000
1350,2007,swimming,N,Day,0,1,2000
1351,2007,surfing,N,Day,0,1,2000
1352,2007,swimming,N,Day,0,1,2000
1353,2007,surfing,N,Day,0,1,2000
1354,2007,surfing,N,Night,0,1,2000
1356,2007,fishing,N,Day,0,1,2000
1357,2007,swimming,N,Day,0,1,2000
1358,2007,standing,N,Day,0,1,2000
1359,2007,swimming,N,Day,0,1,2000
1361,2007,swimming,,Day,0,0,2000
1362,2007,standing,N,Day,0,1,2000
1363,2007,fishing,N,Day,0,1,2000
1364,2007,surfing,N,Day,0,1,2000
1365,2007,surfing,N,Day,0,1,2000
1368,2007,swimming,N,Day,0,1,2000
1369,2007,surfing,N,Day,0,1,2000
1370,2007,surfing,N,Night,0,1,2000
1371,2007,surfing,,Day,0,0,2000
1372,2007,swimming,N,Day,0,1,2000
1373,2007,surfing,N,Night,0,1,2000
1374,2007,standing,N,Day,0,1,2000
1375,2007,other,N,Day,0,1,2000
1376,2007,fishing,N,Day,0,1,2000
1377,2007,standing,N,Day,0,1,2000
1378,2007,surfing,N,Day,0,1,2000
1379,2007,surfing,N,Day,0,1,2000
1381,2007,swimming,,Day,0,0,2000
1382,2007,swimming,N,Day,0,1,2000
1383,2007,swimming,N,Day,0,1,2000
1386,2007,swimming,N,Day,0,1,2000
1387,2007,surfing,N,Day,0,1,2000
1388,2007,surfing,N,Day,0,1,2000
1390,2007,surfing,N,Day,0,1,2000
1391,2007,swimming,N,Day,0,1,2000
1392,2007,surfing,N,Day,0,1,2000
1393,2007,other,N,Day,0,1,2000
1394,2007,other,Y,Day,1,0,2000
1395,2007,surfing,N,Night,0,1,2000
1396,2007,surfing,N,Day,0,1,2000
1398,2007,swimming,N,Day,0,1,2000
1399,2007,surfing,N,Day,0,1,2000
1402,2007,surfing,N,Day,0,1,2000
1404,2007,fishing,N,Day,0,1,2000
1405,2007,other,N,Night,0,1,2000
1406,2007,swimming,N,Day,0,1,2000
1408,2007,surfing,Y,Day,1,0,2000
1409,2007,surfing,N,Night,0,1,2000
1410,2007,surfing,,Day,0,0,2000
1411,2007,surfing,N,Day,0,1,2000
1412,2006,surfing,N,Day,0,1,2000
1413,2006,surfing,N,Day,0,1,2000
1414,2006,surfing,N,Day,0,1,2000
1415,2006,fishing,N,Night,0,1,2000
1416,2006,surfing,N,Night,0,1,2000
1417,2006,other,Y,Day,1,0,2000
1418,2006,swimming,N,Day,0,1,2000
1419,2006,other,N,Day,0,1,2000
1420,2006,surfing,N,Night,0,1,2000
1422,2006,surfing,N,Day,0,1,2000
1424,2006,swimming,N,Day,0,1,2000
1430,2006,surfing,N,Day,0,1,2000
1431,2006,swimming,N,Day,0,1,2000
1433,2006,swimming,,Day,0,0,2000
1434,2006,other,Y,Day,1,0,2000
1435,2006,standing,N,Day,0,1,2000
1436,2006,swimming,N,Day,0,1,2000
1438,2006,surfing,N,Night,0,1,2000
1439,2006,surfing,N,Day,0,1,2000
1440,2006,surfing,N,Day,0,1,2000
1444,2006,surfing,Y,Day,1,0,2000
1446,2006,other,N,Day,0,1,2000
1447,2006,standing,N,Day,0,1,2000
1450,2006,surfing,N,Day,0,1,2000
1451,2006,surfing,N,Day,0,1,2000
1453,2006,surfing,N,Day,0,1,2000
1454,2006,surfing,N,Day,0,1,2000
1457,2006,standing,N,Day,0,1,2000
1459,2006,swimming,N,Day,0,1,2000
1461,2006,standing,N,Day,0,1,2000
1462,2006,standing,N,Day,0,1,2000
1463,2006,surfing,N,Day,0,1,2000
1464,2006,swimming,N,Day,0,1,2000
1467,2006,surfing,N,Day,0,1,2000
1468,2006,fishing,N,Day,0,1,2000
1469,2006,fishing,N,Day,0,1,2000
1470,2006,surfing,N,Day,0,1,2000
1471,2006,surfing,Y,Day,1,0,2000
1472,2006,swimming,N,Day,0,1,2000
1473,2006,surfing,N,Day,0,1,2000
1474,2006,swimming,N,Day,0,1,2000
1475,2006,surfing,N,Day,0,1,2000
1476,2006,fishing,N,Day,0,1,2000
1477,2006,other,N,Day,0,1,2000
1478,2006,surfing,N,Day,0,1,2000
1479,2006,fishing,N,Day,0,1,2000
1480,2006,surfing,N,Day,0,1,2000
1481,2006,swimming,N,Day,0,1,2000
1482,2006,other,N,Day,0,1,2000
1483,2006,swimming,N,Day,0,1,2000
1484,2006,swimming,N,Day,0,1,2000
1487,2006,standing,N,Day,0,1,2000
1488,2006,fishing,N,Day,0,1,2000
1489,2006,surfing,N,Day,0,1,2000
1490,2006,surfing,N,Day,0,1,2000
1491,2006,swimming,N,Day,0,1,2000
1492,2006,standing,N,Day,0,1,2000
1494,2006,surfing,N,Day,0,1,2000
1496,2006,surfing,N,Day,0,1,2000
1497,2006,surfing,N,Day,0,1,2000
1498,2006,standing,N,Day,0,1,2000
1499,2006,swimming,,Day,0,0,2000
1500,2006,standing,N,Day,0,1,2000
1502,2006,fishing,N,Day,0,1,2000
1503,2006,surfing,N,Day,0,1,2000
1504,2006,swimming,Y,Day,1,0,2000
1505,2006,surfing,N,Day,0,1,2000
1507,2006,fishing,N,Day,0,1,2000
1509,2006,surfing,N,Night,0,1,2000
1510,2006,swimming,N,Day,0,1,2000
1511,2006,swimming,,Day,0,0,2000
1512,2006,swimming,Y,Day,1,0,2000
1513,2006,surfing,N,Day,0,1,2000
1515,2005,surfing,N,Day,0,1,2000
1516,2005,swimming,N,Day,0,1,2000
1517,2005,other,N,Day,0,1,2000
1518,2005,fishing,N,Day,0,1,2000
1519,2005,fishing,N,Day,0,1,2000
1521,2005,surfing,N,Day,0,1,2000
1523,2005,surfing,N,Day,0,1,2000
1524,2005,surfing,N,Day,0,1,2000
1525,2005,fishing,N,Day,0,1,2000
1526,2005,surfing,N,Day,0,1,2000
1527,2005,surfing,N,Day,0,1,2000
1529,2005,fishing,N,Day,0,1,2000
1530,2005,surfing,N,Day,0,1,2000
1531,2005,surfing,N,Day,0,1,2000
1532,2005,surfing,N,Night,0,1,2000
1534,2005,standing,N,Day,0,1,2000
1535,2005,surfing,N,Day,0,1,2000
1536,2005,surfing,N,Day,0,1,2000
1537,2005,surfing,N,Day,0,1,2000
1538,2005,standing,N,Day,0,1,2000
1539,2005,surfing,N,Day,0,1,2000
1540,2005,swimming,N,Day,0,1,2000
1541,2005,surfing,N,Day,0,1,2000
1543,2005,surfing,N,Day,0,1,2000
1545,2005,surfing,N,Day,0,1,2000
1546,2005,surfing,N,Day,0,1,2000
1547,2005,surfing,,Night,0,0,2000
1548,2005,surfing,N,Day,0,1,2000
1549,2005,surfing,Y,Day,1,0,2000
1550,2005,standing,N,Night,0,1,2000
1551,2005,standing,N,Day,0,1,2000
1552,2005,surfing,N,Day,0,1,2000
1553,2005,surfing,N,Day,0,1,2000
1555,2005,swimming,Y,Day,1,0,2000
1556,2005,surfing,N,Day,0,1,2000
1557,2005,surfing,,Day,0,0,2000
1558,2005,swimming,N,Day,0,1,2000
1559,2005,standing,N,Day,0,1,2000
1561,2005,surfing,N,Day,0,1,2000
1562,2005,swimming,N,Day,0,1,2000
1564,2005,standing,N,Day,0,1,2000
1565,2005,surfing,N,Day,0,1,2000
1566,2005,surfing,,Day,0,0,2000
1570,2005,swimming,N,Day,0,1,2000
1571,2005,other,N,Day,0,1,2000
1572,2005,standing,N,Day,0,1,2000
1573,2005,fishing,N,Day,0,1,2000
1574,2005,surfing,Y,Day,1,0,2000
1575,2005,swimming,Y,Day,1,0,2000
1576,2005,surfing,N,Night,0,1,2000
1577,2005,swimming,,Day,0,0,2000
1578,2005,swimming,N,Day,0,1,2000
1580,2005,surfing,N,Day,0,1,2000
1581,2005,surfing,,Day,0,0,2000
1582,2005,fishing,Y,Day,1,0,2000
1583,2005,standing,N,Day,0,1,2000
1584,2005,swimming,N,Day,0,1,2000
1585,2005,other,N,Day,0,1,2000
1586,2005,surfing,N,Day,0,1,2000
1588,2005,surfing,N,Day,0,1,2000
1591,2005,surfing,N,Day,0,1,2000
1592,2005,fishing,N,Night,0,1,2000
1595,2005,surfing,N,Night,0,1,2000
1598,2005,surfing,N,Day,0,1,2000
1601,2005,surfing,N,Day,0,1,2000
1603,2005,surfing,N,Day,0,1,2000
1604,2005,swimming,Y,Day,1,0,2000
1605,2005,swimming,N,Day,0,1,2000
1607,2005,fishing,N,Day,0,1,2000
1611,2005,surfing,N,Day,0,1,2000
1616,2005,other,N,Day,0,1,2000
1617,2005,fishing,N,Day,0,1,2000
1619,2004,surfing,Y,Day,1,0,2000
1620,2004,fishing,Y,Day,1,0,2000
1621,2004,surfing,N,Day,0,1,2000
1623,2004,swimming,Y,Night,1,0,2000
1624,2004,surfing,N,Day,0,1,2000
1625,2004,swimming,N,Day,0,1,2000
1627,2004,swimming,N,Day,0,1,2000
1629,2004,other,N,Day,0,1,2000
1630,2004,surfing,N,Day,0,1,2000
1631,2004,surfing,N,Day,0,1,2000
1632,2004,fishing,N,Day,0,1,2000
1633,2004,surfing,N,Day,0,1,2000
1634,2004,surfing,N,Day,0,1,2000
1635,2004,surfing,N,Day,0,1,2000
1636,2004,surfing,N,Day,0,1,2000
1637,2004,fishing,N,Day,0,1,2000
1638,2004,surfing,N,Day,0,1,2000
1639,2004,fishing,,Night,0,0,2000
1641,2004,swimming,N,Day,0,1,2000
1642,2004,standing,N,Day,0,1,2000
1643,2004,swimming,N,Day,0,1,2000
1644,2004,surfing,N,Day,0,1,2000
1645,2004,swimming,Y,Day,1,0,2000
1646,2004,swimming,N,Day,0,1,2000
1647,2004,fishing,N,Day,0,1,2000
1649,2004,surfing,N,Day,0,1,2000
1651,2004,surfing,N,Day,0,1,2000
1652,2004,swimming,N,Day,0,1,2000
1653,2004,swimming,N,Day,0,1,2000
1654,2004,fishing,N,Day,0,1,2000
1657,2004,surfing,Y,Day,1,0,2000
1659,2004,standing,N,Day,0,1,2000
1660,2004,surfing,N,Day,0,1,2000
1663,2004,surfing,N,Day,0,1,2000
1664,2004,swimming,N,Day,0,1,2000
1665,2004,swimming,Y,Day,1,0,2000
1666,2004,standing,N,Day,0,1,2000
1667,2004,swimming,N,Day,0,1,2000
1668,2004,surfing,N,Day,0,1,2000
1669,2004,surfing,N,Day,0,1,2000
1671,2004,other,N,Day,0,1,2000
1672,2004,standing,N,Day,0,1,2000
1673,2004,fishing,N,Day,0,1,2000
1674,2004,surfing,N,Day,0,1,2000
1675,2004,swimming,Y,Day,1,0,2000
1676,2004,swimming,N,Day,0,1,2000
1680,2004,surfing,Y,Night,1,0,2000
1681,2004,surfing,N,Day,0,1,2000
1684,2004,surfing,N,Day,0,1,2000
1685,2004,surfing,N,Night,0,1,2000
1686,2004,surfing,N,Day,0,1,2000
1687,2004,surfing,N,Day,0,1,2000
1688,2004,swimming,N,Day,0,1,2000
1689,2004,swimming,N,Day,0,1,2000
1690,2004,fishing,N,Day,0,1,2000
1691,2004,surfing,N,Night,0,1,2000
1693,2004,swimming,Y,Day,1,0,2000
1694,2004,surfing,N,Day,0,1,2000
1696,2004,fishing,,Day,0,0,2000
1699,2004,swimming,N,Day,0,1,2000
1702,2004,swimming,N,Day,0,1,2000
1703,2004,fishing,N,Day,0,1,2000
1705,2004,swimming,N,Day,0,1,2000
1707,2004,fishing,,Day,0,0,2000
1708,2004,other,Y,Night,1,0,2000
1709,2004,surfing,N,Day,0,1,2000
1712,2003,swimming,N,Day,0,1,2000
1713,2003,swimming,Y,Night,1,0,2000
1714,2003,surfing,N,Day,0,1,2000
1715,2003,swimming,N,Day,0,1,2000
1717,2003,fishing,Y,Day,1,0,2000
1718,2003,surfing,N,Day,0,1,2000
1723,2003,standing,N,Night,0,1,2000
1725,2003,surfing,N,Day,0,1,2000
1726,2003,surfing,N,Day,0,1,2000
1727,2003,surfing,N,Night,0,1,2000
1728,2003,surfing,N,Day,0,1,2000
1729,2003,swimming,,Day,0,0,2000
1732,2003,surfing,N,Day,0,1,2000
1733,2003,surfing,N,Day,0,1,2000
1734,2003,surfing,N,Day,0,1,2000
1735,2003,surfing,N,Day,0,1,2000
1736,2003,fishing,N,Day,0,1,2000
1737,2003,standing,Y,Night,1,0,2000
1738,2003,surfing,N,Night,0,1,2000
1739,2003,surfing,N,Day,0,1,2000
1740,2003,surfing,N,Day,0,1,2000
1741,2003,surfing,N,Day,0,1,2000
1742,2003,surfing,N,Day,0,1,2000
1743,2003,fishing,N,Day,0,1,2000
1744,2003,swimming,,Day,0,0,2000
1745,2003,surfing,N,Day,0,1,2000
1746,2003,standing,N,Day,0,1,2000
1747,2003,surfing,Y,Day,1,0,2000
1749,2003,fishing,N,Day,0,1,2000
1750,2003,swimming,Y,Day,1,0,2000
1751,2003,swimming,,Night,0,0,2000
1752,2003,surfing,N,Day,0,1,2000
1754,2003,surfing,N,Day,0,1,2000
1755,2003,standing,N,Day,0,1,2000
1756,2003,fishing,N,Day,0,1,2000
1757,2003,surfing,N,Day,0,1,2000
1759,2003,fishing,N,Day,0,1,2000
1763,2003,surfing,N,Day,0,1,2000
1764,2003,surfing,N,Day,0,1,2000
1766,2003,standing,N,Day,0,1,2000
1767,2003,swimming,N,Day,0,1,2000
1768,2003,swimming,N,Day,0,1,2000
1769,2003,surfing,N,Day,0,1,2000
1770,2003,surfing,N,Day,0,1,2000
1772,2003,surfing,N,Day,0,1,2000
1773,2003,standing,N,Day,0,1,2000
1774,2003,swimming,N,Day,0,1,2000
1775,2003,surfing,N,Day,0,1,2000
1776,2003,standing,N,Day,0,1,2000
1779,2003,swimming,N,Day,0,1,2000
1780,2003,surfing,N,Day,0,1,2000
1782,2003,surfing,N,Day,0,1,2000
1783,2003,surfing,N,Day,0,1,2000
1784,2003,surfing,N,Day,0,1,2000
1785,2003,surfing,N,Day,0,1,2000
1786,2003,surfing,N,Day,0,1,2000
1787,2003,swimming,N,Day,0,1,2000
1788,2003,surfing,N,Day,0,1,2000
1789,2003,swimming,N,Day,0,1,2000
1791,2003,surfing,N,Night,0,1,2000
1792,2003,surfing,N,Day,0,1,2000
1794,2003,swimming,N,Day,0,1,2000
1795,2003,standing,N,Night,0,1,2000
1796,2003,swimming,N,Day,0,1,2000
1798,2003,swimming,Y,Day,1,0,2000
1801,2003,surfing,N,Day,0,1,2000
1803,2002,swimming,N,Day,0,1,2000
1806,2002,swimming,Y,Night,1,0,2000
1808,2002,swimming,N,Day,0,1,2000
1809,2002,surfing,N,Day,0,1,2000
1810,2002,swimming,N,Day,0,1,2000
1811,2002,swimming,N,Day,0,1,2000
1812,2002,surfing,N,Day,0,1,2000
1813,2002,surfing,N,Day,0,1,2000
1815,2002,swimming,N,Day,0,1,2000
1816,2002,swimming,Y,Day,1,0,2000
1817,2002,surfing,N,Night,0,1,2000
1818,2002,surfing,N,Day,0,1,2000
1819,2002,surfing,N,Day,0,1,2000
1820,2002,surfing,N,Day,0,1,2000
1821,2002,surfing,N,Day,0,1,2000
1822,2002,surfing,N,Night,0,1,2000
1823,2002,fishing,N,Day,0,1,2000
1824,2002,fishing,N,Day,0,1,2000
1825,2002,swimming,N,Day,0,1,2000
1827,2002,surfing,N,Day,0,1,2000
1828,2002,swimming,N,Day,0,1,2000
1829,2002,surfing,N,Night,0,1,2000
1830,2002,surfing,N,Day,0,1,2000
1831,2002,surfing,N,Day,0,1,2000
1832,2002,standing,N,Day,0,1,2000
1833,2002,surfing,N,Day,0,1,2000
1834,2002,swimming,N,Day,0,1,2000
1835,2002,surfing,N,Day,0,1,2000
1836,2002,surfing,N,Day,0,1,2000
1837,2002,standing,N,Day,0,1,2000
1839,2002,standing,N,Day,0,1,2000
1840,2002,surfing,N,Day,0,1,2000
1841,2002,swimming,N,Day,0,1,2000
1842,2002,surfing,N,Day,0,1,2000
1843,2002,fishing,Y,Night,1,0,2000
1844,2002,surfing,N,Day,0,1,2000
1845,2002,standing,N,Day,0,1,2000
1846,2002,surfing,N,Day,0,1,2000
1847,2002,swimming,N,Day,0,1,2000
1851,2002,surfing,N,Day,0,1,2000
1852,2002,surfing,N,Day,0,1,2000
1853,2002,surfing,N,Day,0,1,2000
1854,2002,swimming,N,Day,0,1,2000
1856,2002,surfing,N,Day,0,1,2000
1857,2002,swimming,N,Day,0,1,2000
1858,2002,fishing,N,Day,0,1,2000
1859,2002,surfing,N,Night,0,1,2000
1863,2002,surfing,N,Day,0,1,2000
1865,2002,surfing,Y,Day,1,0,2000
1867,2002,surfing,N,Day,0,1,2000
1868,2002,surfing,N,Day,0,1,2000
1869,2002,swimming,N,Day,0,1,2000
1870,2002,standing,N,Day,0,1,2000
1871,2002,standing,N,Day,0,1,2000
1872,2002,swimming,N,Day,0,1,2000
1873,2002,surfing,N,Day,0,1,2000
1874,2002,standing,N,Day,0,1,2000
1875,2002,swimming,Y,Day,1,0,2000
1876,2002,surfing,N,Day,0,1,2000
1877,2002,swimming,N,Day,0,1,2000
1878,2002,surfing,N,Day,0,1,2000
1881,2002,surfing,N,Day,0,1,2000
1882,2002,other,Y,Day,1,0,2000
1883,2002,surfing,N,Day,0,1,2000
1884,2002,surfing,N,Day,0,1,2000
1886,2002,fishing,N,Night,0,1,2000
1888,2002,surfing,N,Night,0,1,2000
1889,2002,swimming,N,Day,0,1,2000
1890,2001,surfing,N,Day,0,1,2000
1892,2001,surfing,N,Day,0,1,2000
1895,2001,swimming,N,Day,0,1,2000
1896,2001,surfing,N,Day,0,1,2000
1898,2001,surfing,N,Day,0,1,2000
1899,2001,surfing,N,Day,0,1,2000
1900,2001,swimming,Y,Day,1,0,2000
1901,2001,surfing,N,Day,0,1,2000
1902,2001,surfing,N,Day,0,1,2000
1905,2001,standing,N,Day,0,1,2000
1907,2001,swimming,Y,Day,1,0,2000
1908,2001,swimming,N,Day,0,1,2000
1909,2001,standing,N,Day,0,1,2000
1910,2001,swimming,Y,Day,1,0,2000
1911,2001,fishing,N,Day,0,1,2000
1912,2001,standing,N,Day,0,1,2000
1913,2001,standing,N,Day,0,1,2000
1914,2001,surfing,N,Day,0,1,2000
1915,2001,surfing,N,Day,0,1,2000
1916,2001,surfing,N,Day,0,1,2000
1917,2001,surfing,N,Day,0,1,2000
1918,2001,surfing,N,Day,0,1,2000
1919,2001,surfing,N,Day,0,1,2000
1920,2001,surfing,N,Day,0,1,2000
1921,2001,surfing,N,Day,0,1,2000
1922,2001,surfing,N,Day,0,1,2000
1923,2001,surfing,N,Day,0,1,2000
1924,2001,fishing,N,Day,0,1,2000
1927,2001,swimming,N,Day,0,1,2000
1930,2001,other,N,Day,0,1,2000
1933,2001,surfing,N,Day,0,1,2000
1934,2001,surfing,N,Day,0,1,2000
1935,2001,surfing,N,Night,0,1,2000
1936,2001,swimming,N,Night,0,1,2000
1938,2001,swimming,N,Day,0,1,2000
1940,2001,fishing,N,Day,0,1,2000
1942,2001,standing,N,Day,0,1,2000
1945,2001,swimming,N,Day,0,1,2000
1949,2001,surfing,N,Day,0,1,2000
1950,2001,surfing,N,Day,0,1,2000
1952,2001,surfing,N,Day,0,1,2000
1953,2001,surfing,N,Day,0,1,2000
1954,2001,surfing,N,Day,0,1,2000
1955,2001,other,N,Day,0,1,2000
1956,2001,surfing,N,Day,0,1,2000
1957,2001,surfing,N,Day,0,1,2000
1958,2001,surfing,N,Day,0,1,2000
1959,2001,surfing,N,Day,0,1,2000
1960,2001,surfing,N,Day,0,1,2000
1961,2001,surfing,N,Day,0,1,2000
1962,2001,surfing,N,Night,0,1,2000
1964,2001,surfing,N,Day,0,1,2000
1966,2001,surfing,N,Day,0,1,2000
1968,2001,surfing,N,Day,0,1,2000
1969,2001,surfing,N,Day,0,1,2000
1976,2001,surfing,N,Day,0,1,2000
1983,2000,swimming,Y,Day,1,0,1990
1986,2000,fishing,N,Day,0,1,1990
1990,2000,swimming,N,Day,0,1,1990
1992,2000,swimming,N,Night,0,1,1990
1993,2000,swimming,Y,Night,1,0,1990
1994,2000,surfing,N,Day,0,1,1990
1995,2000,fishing,N,Night,0,1,1990
1996,2000,surfing,N,Day,0,1,1990
1997,2000,swimming,N,Day,0,1,1990
1998,2000,swimming,N,Day,0,1,1990
1999,2000,surfing,N,Day,0,1,1990
2000,2000,surfing,N,Day,0,1,1990
2001,2000,surfing,N,Day,0,1,1990
2002,2000,surfing,N,Day,0,1,1990
2003,2000,surfing,N,Day,0,1,1990
2004,2000,surfing,Y,Day,1,0,1990
2005,2000,surfing,Y,Night,1,0,1990
2007,2000,surfing,Y,Day,1,0,1990
2009,2000,surfing,N,Day,0,1,1990
2010,2000,surfing,N,Day,0,1,1990
2011,2000,surfing,N,Day,0,1,1990
2012,2000,swimming,N,Day,0,1,1990
2013,2000,swimming,N,Day,0,1,1990
2015,2000,standing,N,Day,0,1,1990
2016,2000,surfing,N,Day,0,1,1990
2018,2000,swimming,N,Day,0,1,1990
2019,2000,swimming,Y,Day,1,0,1990
2022,2000,surfing,N,Day,0,1,1990
2023,2000,surfing,N,Day,0,1,1990
2024,2000,standing,N,Day,0,1,1990
2025,2000,swimming,,Day,0,0,1990
2034,2000,surfing,N,Night,0,1,1990
2036,2000,standing,N,Day,0,1,1990
2037,2000,swimming,N,Day,0,1,1990
2039,2000,swimming,N,Day,0,1,1990
2040,2000,standing,N,Day,0,1,1990
2041,2000,fishing,N,Day,0,1,1990
2042,2000,standing,N,Day,0,1,1990
2043,2000,standing,N,Day,0,1,1990
2047,2000,standing,N,Night,0,1,1990
2048,2000,other,N,Day,0,1,1990
2049,2000,surfing,N,Day,0,1,1990
2050,2000,swimming,N,Night,0,1,1990
2051,2000,swimming,N,Night,0,1,1990
2052,2000,swimming,N,Day,0,1,1990
2058,2000,standing,N,Day,0,1,1990
2059,2000,surfing,N,Day,0,1,1990
2061,2000,swimming,N,Day,0,1,1990
2062,2000,surfing,N,Day,0,1,1990
2063,2000,surfing,N,Day,0,1,1990
2064,2000,fishing,Y,Day,1,0,1990
2065,2000,surfing,N,Day,0,1,1990
2070,2000,fishing,N,Day,0,1,1990
2071,2000,other,N,Day,0,1,1990
2072,2000,surfing,N,Day,0,1,1990
2084,1999,fishing,N,Day,0,1,1990
2085,1999,surfing,N,Day,0,1,1990
2086,1999,surfing,N,Day,0,1,1990
2087,1999,swimming,N,Day,0,1,1990
2090,1999,fishing,N,Day,0,1,1990
2093,1999,surfing,N,Day,0,1,1990
2094,1999,surfing,N,Day,0,1,1990
2095,1999,surfing,N,Day,0,1,1990
2096,1999,surfing,N,Day,0,1,1990
2097,1999,surfing,N,Day,0,1,1990
2099,1999,surfing,N,Day,0,1,1990
2101,1999,standing,N,Day,0,1,1990
2104,1999,surfing,N,Day,0,1,1990
2105,1999,surfing,N,Day,0,1,1990
2107,1999,fishing,N,Day,0,1,1990
2108,1999,surfing,N,Day,0,1,1990
2109,1999,other,N,Day,0,1,1990
2110,1999,surfing,N,Day,0,1,1990
2111,1999,fishing,N,Day,0,1,1990
2112,1999,surfing,N,Day,0,1,1990
2113,1999,swimming,N,Day,0,1,1990
2114,1999,surfing,N,Day,0,1,1990
2115,1999,surfing,Y,Day,1,0,1990
2117,1999,fishing,N,Day,0,1,1990
2118,1999,surfing,N,Day,0,1,1990
2120,1999,surfing,N,Day,0,1,1990
2121,1999,swimming,N,Day,0,1,1990
2122,1999,standing,N,Day,0,1,1990
2123,1999,surfing,Y,Day,1,0,1990
2124,1999,surfing,N,Day,0,1,1990
2125,1999,swimming,N,Night,0,1,1990
2126,1999,swimming,Y,Day,1,0,1990
2130,1999,surfing,Y,Day,1,0,1990
2131,1999,fishing,N,Day,0,1,1990
2134,1999,swimming,N,Day,0,1,1990
2136,1999,surfing,N,Night,0,1,1990
2137,1999,surfing,N,Day,0,1,1990
2143,1999,fishing,N,Day,0,1,1990
2145,1998,surfing,N,Day,0,1,1990
2146,1998,standing,N,Day,0,1,1990
2147,1998,surfing,N,Day,0,1,1990
2149,1998,surfing,N,Day,0,1,1990
2150,1998,swimming,Y,Day,1,0,1990
2151,1998,surfing,N,Day,0,1,1990
2152,1998,standing,N,Day,0,1,1990
2155,1998,surfing,Y,Day,1,0,1990
2156,1998,swimming,N,Day,0,1,1990
2161,1998,other,N,Day,0,1,1990
2163,1998,surfing,N,Day,0,1,1990
2164,1998,fishing,N,Night,0,1,1990
2167,1998,surfing,N,Day,0,1,1990
2169,1998,surfing,N,Day,0,1,1990
2171,1998,fishing,N,Day,0,1,1990
2175,1998,fishing,N,Day,0,1,1990
2176,1998,surfing,N,Day,0,1,1990
2179,1998,surfing,N,Day,0,1,1990
2181,1998,swimming,Y,Day,1,0,1990
2182,1998,surfing,Y,Day,1,0,1990
2183,1998,surfing,N,Day,0,1,1990
2187,1998,surfing,N,Day,0,1,1990
2188,1998,surfing,N,Day,0,1,1990
2189,1998,swimming,N,Day,0,1,1990
2190,1998,surfing,N,Day,0,1,1990
2191,1998,surfing,N,Day,0,1,1990
2192,1998,other,Y,Day,1,0,1990
2193,1998,surfing,N,Day,0,1,1990
2197,1998,swimming,N,Day,0,1,1990
2198,1998,fishing,N,Day,0,1,1990
2199,1998,surfing,N,Day,0,1,1990
2200,1998,swimming,N,Day,0,1,1990
2201,1998,fishing,,Day,0,0,1990
2203,1998,swimming,Y,Day,1,0,1990
2205,1998,surfing,N,Day,0,1,1990
2206,1998,surfing,N,Day,0,1,1990
2210,1997,fishing,Y,Day,1,0,1990
2214,1997,swimming,N,Day,0,1,1990
2215,1997,swimming,N,Day,0,1,1990
2218,1997,surfing,N,Night,0,1,1990
2219,1997,surfing,N,Day,0,1,1990
2220,1997,surfing,N,Day,0,1,1990
2222,1997,swimming,N,Day,0,1,1990
2224,1997,surfing,N,Day,0,1,1990
2225,1997,surfing,N,Night,0,1,1990
2226,1997,surfing,N,Day,0,1,1990
2227,1997,surfing,N,Day,0,1,1990
2228,1997,surfing,N,Day,0,1,1990
2229,1997,surfing,N,Day,0,1,1990
2232,1997,swimming,N,Day,0,1,1990
2235,1997,surfing,N,Day,0,1,1990
2236,1997,surfing,N,Day,0,1,1990
2239,1997,surfing,N,Day,0,1,1990
2240,1997,surfing,N,Day,0,1,1990
2241,1997,surfing,N,Day,0,1,1990
2242,1997,surfing,Y,Day,1,0,1990
2244,1997,standing,N,Night,0,1,1990
2247,1997,fishing,N,Night,0,1,1990
2248,1997,swimming,N,Day,0,1,1990
2249,1997,surfing,N,Day,0,1,1990
2251,1997,surfing,N,Day,0,1,1990
2252,1997,fishing,N,Day,0,1,1990
2253,1997,surfing,N,Day,0,1,1990
2256,1997,fishing,N,Day,0,1,1990
2259,1997,swimming,N,Day,0,1,1990
2263,1997,swimming,N,Day,0,1,1990
2264,1997,surfing,Y,Day,1,0,1990
2268,1996,surfing,N,Day,0,1,1990
2271,1996,surfing,N,Day,0,1,1990
2272,1996,surfing,N,Day,0,1,1990
2276,1996,surfing,N,Day,0,1,1990
2277,1996,surfing,N,Day,0,1,1990
2278,1996,surfing,N,Night,0,1,1990
2280,1996,swimming,N,Day,0,1,1990
2281,1996,swimming,N,Day,0,1,1990
2282,1996,surfing,N,Day,0,1,1990
2283,1996,standing,N,Day,0,1,1990
2284,1996,surfing,N,Day,0,1,1990
2285,1996,surfing,,Day,0,0,1990
2286,1996,fishing,N,Night,0,1,1990
2287,1996,surfing,N,Day,0,1,1990
2288,1996,swimming,N,Day,0,1,1990
2289,1996,fishing,N,Day,0,1,1990
2290,1996,standing,N,Day,0,1,1990
2292,1996,swimming,N,Day,0,1,1990
2294,1996,swimming,N,Day,0,1,1990
2296,1996,other,N,Day,0,1,1990
2297,1996,standing,N,Day,0,1,1990
2299,1996,surfing,N,Day,0,1,1990
2300,1996,surfing,N,Day,0,1,1990
2302,1996,surfing,N,Day,0,1,1990
2304,1996,surfing,N,Day,0,1,1990
2305,1996,swimming,Y,Day,1,0,1990
2306,1996,surfing,N,Day,0,1,1990
2311,1996,swimming,N,Night,0,1,1990
2313,1996,swimming,N,Night,0,1,1990
2319,1996,swimming,N,Day,0,1,1990
2322,1996,swimming,N,Day,0,1,1990
2324,1996,other,N,Day,0,1,1990
2325,1996,surfing,Y,Day,1,0,1990
2335,1995,swimming,N,Day,0,1,1990
2336,1995,surfing,N,Day,0,1,1990
2337,1995,surfing,N,Day,0,1,1990
2339,1995,surfing,N,Day,0,1,1990
2341,1995,swimming,N,Day,0,1,1990
2344,1995,swimming,Y,Day,1,0,1990
2345,1995,surfing,N,Day,0,1,1990
2350,1995,surfing,N,Day,0,1,1990
2351,1995,surfing,N,Day,0,1,1990
2352,1995,swimming,N,Night,0,1,1990
2353,1995,swimming,N,Day,0,1,1990
2354,1995,surfing,N,Day,0,1,1990
2356,1995,fishing,N,Day,0,1,1990
2357,1995,standing,N,Day,0,1,1990
2359,1995,surfing,N,Day,0,1,1990
2361,1995,surfing,N,Day,0,1,1990
2364,1995,surfing,N,Day,0,1,1990
2365,1995,surfing,N,Day,0,1,1990
2366,1995,surfing,N,Day,0,1,1990
2367,1995,standing,N,Day,0,1,1990
2372,1984,surfing,N,Day,0,1,1980
2376,1995,swimming,N,Day,0,1,1990
2380,1995,swimming,N,Day,0,1,1990
2381,1995,swimming,N,Day,0,1,1990
2382,1995,swimming,N,Day,0,1,1990
2384,1995,swimming,Y,Day,1,0,1990
2390,1995,other,,Day,0,0,1990
2391,1995,other,N,Day,0,1,1990
2393,1995,swimming,Y,Day,1,0,1990
2395,1995,surfing,N,Night,0,1,1990
2396,1995,swimming,Y,Day,1,0,1990
2397,1995,swimming,N,Day,0,1,1990
2399,1995,swimming,Y,Day,1,0,1990
2405,1994,surfing,N,Day,0,1,1990
2406,1994,surfing,N,Day,0,1,1990
2411,1994,swimming,Y,Day,1,0,1990
2414,1994,surfing,N,Day,0,1,1990
2415,1994,surfing,N,Day,0,1,1990
2418,1994,standing,N,Day,0,1,1990
2419,1994,surfing,N,Day,0,1,1990
2421,1994,surfing,N,Day,0,1,1990
2423,1994,swimming,N,Day,0,1,1990
2427,1994,surfing,Y,Day,1,0,1990
2428,1994,surfing,Y,Day,1,0,1990
2429,1994,surfing,N,Day,0,1,1990
2431,1994,surfing,N,Day,0,1,1990
2432,1994,fishing,N,Day,0,1,1990
2433,1994,surfing,N,Day,0,1,1990
2434,1994,surfing,N,Day,0,1,1990
2437,1994,standing,N,Day,0,1,1990
2438,1994,surfing,N,Day,0,1,1990
2441,1994,standing,N,Day,0,1,1990
2442,1994,swimming,N,Day,0,1,1990
2444,1994,swimming,N,Day,0,1,1990
2445,1994,swimming,N,Day,0,1,1990
2448,1994,fishing,N,Day,0,1,1990
2449,1994,surfing,N,Day,0,1,1990
2450,1994,fishing,N,Day,0,1,1990
2451,1994,surfing,N,Day,0,1,1990
2455,1994,surfing,N,Day,0,1,1990
2456,1994,fishing,N,Night,0,1,1990
2458,1994,swimming,N,Day,0,1,1990
2463,1993,swimming,Y,Day,1,0,1990
2464,1993,surfing,N,Day,0,1,1990
2466,1993,surfing,N,Day,0,1,1990
2467,1993,swimming,N,Day,0,1,1990
2468,1993,surfing,N,Day,0,1,1990
2471,1993,fishing,N,Day,0,1,1990
2476,1993,swimming,N,Day,0,1,1990
2477,1993,fishing,N,Day,0,1,1990
2479,1993,surfing,N,Night,0,1,1990
2480,1993,other,N,Day,0,1,1990
2481,1993,swimming,N,Day,0,1,1990
2483,1993,swimming,N,Day,0,1,1990
2486,1993,surfing,N,Day,0,1,1990
2487,1993,swimming,N,Day,0,1,1990
2490,1993,swimming,Y,Night,1,0,1990
2491,1993,swimming,Y,Day,1,0,1990
2492,1993,surfing,N,Night,0,1,1990
2493,1993,swimming,Y,Day,1,0,1990
2494,1993,swimming,Y,Day,1,0,1990
2496,1993,swimming,N,Night,0,1,1990
2501,1993,swimming,N,Day,0,1,1990
2503,1993,surfing,N,Day,0,1,1990
2504,1993,fishing,N,Day,0,1,1990
2506,1993,other,N,Night,0,1,1990
2507,1993,other,N,Day,0,1,1990
2508,1993,fishing,N,Day,0,1,1990
2510,1993,fishing,N,Day,0,1,1990
2512,1993,surfing,N,Day,0,1,1990
2518,1992,surfing,N,Day,0,1,1990
2519,1992,fishing,N,Day,0,1,1990
2520,1992,surfing,N,Night,0,1,1990
2521,1992,surfing,N,Day,0,1,1990
2522,1992,surfing,N,Day,0,1,1990
2524,1992,swimming,N,Day,0,1,1990
2525,1992,surfing,N,Day,0,1,1990
2526,1992,surfing,Y,Day,1,0,1990
2527,1992,swimming,N,Day,0,1,1990
2528,1992,surfing,N,Night,0,1,1990
2530,1992,surfing,N,Day,0,1,1990
2531,1992,surfing,Y,Day,1,0,1990
2532,1992,surfing,N,Day,0,1,1990
2533,1992,surfing,N,Day,0,1,1990
2534,1992,standing,N,Day,0,1,1990
2538,1992,surfing,N,Day,0,1,1990
2539,1992,fishing,,Day,0,0,1990
2540,1992,surfing,N,Day,0,1,1990
2544,1992,standing,N,Day,0,1,1990
2545,1992,surfing,N,Day,0,1,1990
2546,1992,surfing,N,Day,0,1,1990
2548,1992,surfing,Y,Day,1,0,1990
2550,1992,fishing,N,Day,0,1,1990
2553,1992,surfing,Y,Day,1,0,1990
2555,1992,swimming,N,Day,0,1,1990
2556,1992,surfing,N,Day,0,1,1990
2557,1992,surfing,N,Night,0,1,1990
2559,1992,swimming,Y,Day,1,0,1990
2560,1992,fishing,N,Day,0,1,1990
2561,1992,surfing,N,Day,0,1,1990
2562,1992,surfing,Y,Day,1,0,1990
2563,1992,swimming,N,Day,0,1,1990
2564,1992,surfing,,Day,0,0,1990
2565,1992,fishing,N,Day,0,1,1990
2566,1992,surfing,N,Day,0,1,1990
2567,1992,swimming,N,Day,0,1,1990
2568,1992,fishing,N,Day,0,1,1990
2573,1991,swimming,N,Day,0,1,1990
2574,1991,swimming,Y,Day,1,0,1990
2575,1991,swimming,N,Day,0,1,1990
2576,1991,fishing,Y,Day,1,0,1990
2577,1991,fishing,N,Day,0,1,1990
2579,1991,surfing,N,Day,0,1,1990
2580,1991,surfing,N,Night,0,1,1990
2581,1991,fishing,,Day,0,0,1990
2582,1991,swimming,Y,Day,1,0,1990
2583,1991,other,N,Day,0,1,1990
2584,1991,swimming,N,Day,0,1,1990
2585,1991,standing,N,Day,0,1,1990
2587,1991,other,N,Day,0,1,1990
2590,1991,swimming,N,Day,0,1,1990
2591,1991,surfing,N,Day,0,1,1990
2592,1991,surfing,N,Day,0,1,1990
2596,1991,surfing,N,Day,0,1,1990
2597,1991,swimming,N,Day,0,1,1990
2598,1991,swimming,Y,Night,1,0,1990
2599,1991,surfing,N,Day,0,1,1990
2600,1991,swimming,N,Day,0,1,1990
2601,1991,fishing,N,Day,0,1,1990
2602,1991,swimming,N,Day,0,1,1990
2603,1991,surfing,N,Day,0,1,1990
2604,1991,surfing,N,Day,0,1,1990
2606,1991,surfing,N,Day,0,1,1990
2607,1991,fishing,N,Day,0,1,1990
2608,1991,swimming,N,Day,0,1,1990
2613,1990,surfing,N,Day,0,1,1980
2614,1990,surfing,N,Day,0,1,1980
2615,1990,surfing,N,Day,0,1,1980
2616,1990,surfing,N,Day,0,1,1980
2617,1990,swimming,N,Day,0,1,1980
2618,1990,surfing,N,Day,0,1,1980
2619,1990,surfing,N,Day,0,1,1980
2620,1990,surfing,N,Day,0,1,1980
2621,1990,surfing,N,Day,0,1,1980
2622,1990,fishing,N,Day,0,1,1980
2623,1990,fishing,N,Day,0,1,1980
2624,1990,surfing,N,Day,0,1,1980
2626,1990,surfing,N,Day,0,1,1980
2628,1990,fishing,N,Day,0,1,1980
2629,1990,standing,N,Night,0,1,1980
2631,1990,surfing,Y,Day,1,0,1980
2632,1990,fishing,N,Day,0,1,1980
2636,1990,surfing,N,Day,0,1,1980
2637,1990,surfing,N,Day,0,1,1980
2638,1990,surfing,N,Night,0,1,1980
2642,1990,surfing,N,Night,0,1,1980
2644,1990,surfing,N,Day,0,1,1980
2645,1990,fishing,Y,Night,1,0,1980
2653,1989,fishing,Y,Day,1,0,1980
2654,1989,standing,,Day,0,0,1980
2657,1989,surfing,N,Day,0,1,1980
2658,1989,swimming,,Day,0,0,1980
2659,1989,surfing,N,Night,0,1,1980
2660,1989,swimming,,Day,0,0,1980
2662,1989,swimming,N,Day,0,1,1980
2663,1989,fishing,N,Day,0,1,1980
2665,1989,swimming,N,Day,0,1,1980
2668,1989,fishing,N,Day,0,1,1980
2670,1989,surfing,N,Day,0,1,1980
2671,1989,surfing,N,Night,0,1,1980
2675,1989,surfing,N,Day,0,1,1980
2676,1989,surfing,Y,Day,1,0,1980
2677,1989,surfing,N,Day,0,1,1980
2681,1989,surfing,N,Day,0,1,1980
2682,1989,surfing,N,Day,0,1,1980
2683,1989,swimming,N,Day,0,1,1980
2686,1989,surfing,N,Day,0,1,1980
2687,1989,other,N,Day,0,1,1980
2690,1989,surfing,Y,Day,1,0,1980
2693,1989,surfing,N,Day,0,1,1980
2694,1989,surfing,Y,Day,1,0,1980
2695,1989,surfing,,Day,0,0,1980
2696,1989,surfing,Y,Day,1,0,1980
2698,1989,other,N,Day,0,1,1980
2700,1989,surfing,N,Day,0,1,1980
2704,1988,other,Y,Day,1,0,1980
2705,1988,other,Y,Night,1,0,1980
2707,1988,surfing,N,Day,0,1,1980
2711,1988,surfing,N,Day,0,1,1980
2712,1988,surfing,N,Day,0,1,1980
2714,1988,surfing,N,Day,0,1,1980
2715,1988,standing,N,Day,0,1,1980
2716,1988,swimming,Y,Day,1,0,1980
2720,1988,surfing,N,Day,0,1,1980
2724,1988,swimming,N,Day,0,1,1980
2725,1988,surfing,N,Day,0,1,1980
2728,1988,fishing,N,Day,0,1,1980
2730,1988,standing,N,Day,0,1,1980
2731,1988,swimming,N,Day,0,1,1980
2732,1988,surfing,N,Day,0,1,1980
2734,1988,surfing,N,Day,0,1,1980
2735,1988,surfing,N,Day,0,1,1980
2736,1988,other,Y,Day,1,0,1980
2738,1988,swimming,N,Day,0,1,1980
2745,1988,surfing,N,Day,0,1,1980
2746,1988,surfing,N,Day,0,1,1980
2748,1988,surfing,N,Day,0,1,1980
2749,1988,surfing,N,Night,0,1,1980
2752,1988,surfing,,Night,0,0,1980
2755,1988,other,N,Day,0,1,1980
2759,1987,surfing,N,Day,0,1,1980
2763,1987,surfing,N,Day,0,1,1980
2764,1987,surfing,,Day,0,0,1980
2765,1987,fishing,N,Day,0,1,1980
2768,1987,surfing,N,Day,0,1,1980
2769,1987,standing,N,Day,0,1,1980
2770,1987,surfing,N,Night,0,1,1980
2771,1987,surfing,N,Day,0,1,1980
2772,1987,surfing,N,Day,0,1,1980
2773,1987,standing,N,Day,0,1,1980
2775,1987,swimming,N,Day,0,1,1980
2777,1987,fishing,N,Day,0,1,1980
2782,1987,swimming,N,Day,0,1,1980
2784,1987,swimming,Y,Day,1,0,1980
2789,1987,fishing,N,Day,0,1,1980
2790,1987,swimming,N,Night,0,1,1980
2793,1986,fishing,N,Day,0,1,1980
2794,1986,surfing,Y,Day,1,0,1980
2795,1986,surfing,N,Day,0,1,1980
2797,1986,fishing,N,Day,0,1,1980
2800,1986,surfing,N,Day,0,1,1980
2801,1986,surfing,N,Day,0,1,1980
2804,1986,swimming,N,Day,0,1,1980
2805,1986,other,N,Day,0,1,1980
2812,1986,fishing,,Day,0,0,1980
2817,1986,fishing,N,Day,0,1,1980
2822,1986,surfing,N,Day,0,1,1980
2823,1986,other,N,Day,0,1,1980
2825,1986,surfing,N,Day,0,1,1980
2826,1986,surfing,N,Day,0,1,1980
2827,1986,swimming,N,Day,0,1,1980
2828,1986,fishing,N,Day,0,1,1980
2829,1986,surfing,N,Night,0,1,1980
2830,1986,surfing,N,Day,0,1,1980
2831,1986,surfing,N,Day,0,1,1980
2834,1985,fishing,N,Day,0,1,1980
2837,1985,surfing,N,Day,0,1,1980
2838,1985,swimming,N,Day,0,1,1980
2844,1985,swimming,N,Day,0,1,1980
2845,1985,swimming,,Day,0,0,1980
2847,1985,standing,,Day,0,0,1980
2848,1985,swimming,,Day,0,0,1980
2849,1985,standing,N,Day,0,1,1980
2850,1985,surfing,N,Day,0,1,1980
2853,1985,swimming,N,Day,0,1,1980
2857,1985,swimming,Y,Day,1,0,1980
2858,1985,surfing,N,Day,0,1,1980
2859,1985,surfing,N,Day,0,1,1980
2860,1985,swimming,N,Day,0,1,1980
2862,1985,surfing,N,Day,0,1,1980
2864,1985,fishing,N,Day,0,1,1980
2866,1985,fishing,N,Day,0,1,1980
2870,1984,other,Y,Day,1,0,1980
2873,1984,swimming,,Day,0,0,1980
2874,1984,surfing,N,Day,0,1,1980
2875,1984,standing,,Day,0,0,1980
2876,1984,surfing,N,Day,0,1,1980
2877,1984,surfing,N,Day,0,1,1980
2878,1984,surfing,N,Day,0,1,1980
2879,1984,surfing,N,Day,0,1,1980
2881,1984,surfing,N,Day,0,1,1980
2883,1984,standing,N,Day,0,1,1980
2884,1984,swimming,Y,Day,1,0,1980
2885,1984,fishing,N,Day,0,1,1980
2888,1984,swimming,N,Day,0,1,1980
2889,1984,swimming,N,Day,0,1,1980
2890,1984,fishing,,Day,0,0,1980
2891,1984,fishing,N,Day,0,1,1980
2893,1984,surfing,N,Day,0,1,1980
2894,1984,surfing,N,Day,0,1,1980
2896,1984,fishing,N,Day,0,1,1980
2898,1984,surfing,N,Day,0,1,1980
2901,1984,fishing,N,Night,0,1,1980
2902,1984,swimming,N,Day,0,1,1980
2905,1984,swimming,N,Day,0,1,1980
2909,1983,fishing,,Night,0,0,1980
2910,1983,surfing,N,Day,0,1,1980
2912,1983,swimming,N,Day,0,1,1980
2913,1983,swimming,N,Day,0,1,1980
2921,1983,surfing,N,Day,0,1,1980
2922,1983,fishing,N,Day,0,1,1980
2923,1983,swimming,N,Day,0,1,1980
2925,1983,swimming,N,Day,0,1,1980
2927,1983,swimming,Y,Night,1,0,1980
2928,1983,swimming,Y,Night,1,0,1980
2929,1983,other,N,Night,0,1,1980
2931,1983,surfing,N,Day,0,1,1980
2932,1983,fishing,N,Day,0,1,1980
2934,1983,swimming,N,Day,0,1,1980
2935,1983,fishing,Y,Day,1,0,1980
2936,1983,fishing,N,Day,0,1,1980
2937,1983,other,N,Day,0,1,1980
2939,1983,fishing,N,Day,0,1,1980
2940,1983,other,N,Night,0,1,1980
2942,1983,surfing,N,Day,0,1,1980
2944,1983,fishing,N,Day,0,1,1980
2945,1983,surfing,N,Day,0,1,1980
2947,1983,fishing,N,Day,0,1,1980
2948,1983,surfing,N,Day,0,1,1980
2951,1983,surfing,N,Day,0,1,1980
2954,1983,surfing,N,Day,0,1,1980
2955,1983,fishing,N,Day,0,1,1980
2960,1982,surfing,N,Day,0,1,1980
2961,1982,surfing,N,Day,0,1,1980
2962,1982,surfing,N,Day,0,1,1980
2963,1982,surfing,N,Day,0,1,1980
2964,1982,swimming,N,Day,0,1,1980
2965,1982,swimming,N,Day,0,1,1980
2968,1982,surfing,,Day,0,0,1980
2969,1982,swimming,N,Day,0,1,1980
2971,1982,surfing,,Day,0,0,1980
2972,1982,surfing,N,Day,0,1,1980
2973,1982,surfing,N,Day,0,1,1980
2974,1982,swimming,N,Day,0,1,1980
2976,1982,swimming,N,Day,0,1,1980
2978,1982,surfing,Y,Day,1,0,1980
2979,1982,swimming,N,Day,0,1,1980
2981,1982,other,N,Day,0,1,1980
2984,1982,surfing,N,Day,0,1,1980
2985,1982,surfing,Y,Day,1,0,1980
2992,1982,swimming,Y,Day,1,0,1980
2993,1982,swimming,N,Day,0,1,1980
2995,1982,swimming,N,Day,0,1,1980
2999,1981,surfing,Y,Night,1,0,1980
3002,1981,fishing,N,Day,0,1,1980
3005,1981,swimming,N,Day,0,1,1980
3009,1981,surfing,N,Day,0,1,1980
3012,1981,surfing,N,Day,0,1,1980
3013,1981,surfing,N,Day,0,1,1980
3018,1981,swimming,Y,Day,1,0,1980
3019,1981,surfing,N,Day,0,1,1980
3021,1981,surfing,N,Day,0,1,1980
3022,1981,fishing,N,Day,0,1,1980
3027,1981,swimming,Y,Day,1,0,1980
3028,1981,surfing,N,Day,0,1,1980
3031,1981,surfing,N,Day,0,1,1980
3034,1981,surfing,N,Day,0,1,1980
3035,1981,standing,N,Day,0,1,1980
3036,1981,surfing,N,Day,0,1,1980
3037,1981,fishing,N,Day,0,1,1980
3039,1981,swimming,N,Day,0,1,1980
3042,1981,surfing,N,Day,0,1,1980
3046,1981,surfing,N,Night,0,1,1980
3048,1980,surfing,N,Day,0,1,1970
3050,1980,fishing,N,Day,0,1,1970
3054,1980,surfing,N,Day,0,1,1970
3055,1980,surfing,N,Day,0,1,1970
3060,1980,surfing,N,Day,0,1,1970
3061,1980,standing,N,Day,0,1,1970
3065,1980,surfing,N,Day,0,1,1970
3067,1980,other,Y,Night,1,0,1970
3068,1980,surfing,N,Day,0,1,1970
3070,1980,swimming,N,Day,0,1,1970
3073,1980,surfing,N,Day,0,1,1970
3075,1980,fishing,N,Night,0,1,1970
3077,1980,swimming,N,Day,0,1,1970
3078,1980,swimming,Y,Day,1,0,1970
3081,1980,fishing,,Day,0,0,1970
3083,1979,swimming,N,Day,0,1,1970
3086,1979,surfing,N,Day,0,1,1970
3094,1979,swimming,N,Day,0,1,1970
3096,1979,fishing,N,Day,0,1,1970
3097,1979,swimming,Y,Day,1,0,1970
3100,1979,swimming,N,Day,0,1,1970
3101,1979,surfing,N,Day,0,1,1970
3102,1979,surfing,N,Day,0,1,1970
3103,1979,swimming,N,Day,0,1,1970
3106,1979,surfing,N,Day,0,1,1970
3109,1978,fishing,Y,Day,1,0,1970
3112,1978,fishing,,Night,0,0,1970
3113,1978,fishing,N,Day,0,1,1970
3114,1978,swimming,N,Day,0,1,1970
3116,1978,standing,N,Day,0,1,1970
3127,1978,fishing,N,Night,0,1,1970
3129,1978,surfing,N,Day,0,1,1970
3133,1977,swimming,N,Night,0,1,1970
3135,1977,surfing,N,Day,0,1,1970
3138,1977,fishing,N,Day,0,1,1970
3139,1977,surfing,N,Day,0,1,1970
3141,1977,fishing,N,Day,0,1,1970
3142,1977,surfing,N,Day,0,1,1970
3144,1977,fishing,N,Night,0,1,1970
3145,1977,fishing,N,Day,0,1,1970
3151,1977,swimming,N,Day,0,1,1970
3158,1977,swimming,Y,Day,1,0,1970
3160,1976,swimming,N,Day,0,1,1970
3161,1976,other,N,Day,0,1,1970
3163,1976,surfing,N,Day,0,1,1970
3167,1976,surfing,N,Day,0,1,1970
3168,1976,surfing,N,Day,0,1,1970
3174,1976,surfing,N,Day,0,1,1970
3176,1976,surfing,N,Day,0,1,1970
3177,1976,fishing,N,Day,0,1,1970
3181,1976,swimming,N,Night,0,1,1970
3187,1976,standing,N,Day,0,1,1970
3194,1976,fishing,N,Night,0,1,1970
3196,1976,fishing,Y,Day,1,0,1970
3199,1975,fishing,N,Day,0,1,1970
3202,1975,standing,N,Day,0,1,1970
3205,1975,fishing,,Day,0,0,1970
3209,1975,surfing,N,Day,0,1,1970
3210,1975,swimming,N,Day,0,1,1970
3211,1975,swimming,N,Day,0,1,1970
3214,1975,swimming,Y,Day,1,0,1970
3217,1975,surfing,N,Day,0,1,1970
3218,1975,swimming,N,Day,0,1,1970
3219,1975,swimming,N,Day,0,1,1970
3222,1975,swimming,N,Day,0,1,1970
3223,1975,standing,N,Day,0,1,1970
3227,1975,surfing,N,Day,0,1,1970
3231,1975,fishing,N,Day,0,1,1970
3238,1975,surfing,N,Day,0,1,1970
3240,1975,fishing,Y,Day,1,0,1970
3248,1974,standing,N,Day,0,1,1970
3249,1974,surfing,N,Night,0,1,1970
3250,1974,swimming,N,Day,0,1,1970
3251,1974,swimming,N,Day,0,1,1970
3252,1974,surfing,N,Day,0,1,1970
3255,1974,surfing,N,Day,0,1,1970
3260,1974,other,Y,Day,1,0,1970
3265,1974,swimming,N,Day,0,1,1970
3266,1974,surfing,N,Day,0,1,1970
3268,1974,fishing,N,Day,0,1,1970
3269,1974,standing,N,Day,0,1,1970
3271,1974,surfing,N,Day,0,1,1970
3272,1974,surfing,N,Day,0,1,1970
3274,1974,swimming,N,Day,0,1,1970
3277,1974,fishing,N,Night,0,1,1970
3280,1974,swimming,N,Day,0,1,1970
3285,1973,fishing,N,Day,0,1,1970
3286,1973,swimming,Y,Day,1,0,1970
3289,1973,swimming,Y,Day,1,0,1970
3291,1973,surfing,N,Day,0,1,1970
3294,1973,fishing,N,Day,0,1,1970
3296,1973,fishing,Y,Day,1,0,1970
3302,1973,standing,Y,Day,1,0,1970
3304,1973,fishing,Y,Day,1,0,1970
3305,1973,fishing,N,Day,0,1,1970
3311,1973,surfing,N,Day,0,1,1970
3312,1972,other,N,Day,0,1,1970
3313,1972,swimming,N,Day,0,1,1970
3314,1972,surfing,Y,Day,1,0,1970
3315,1972,swimming,N,Day,0,1,1970
3324,1972,surfing,N,Day,0,1,1970
3326,1972,surfing,N,Night,0,1,1970
3332,1972,surfing,N,Day,0,1,1970
3333,1972,swimming,N,Day,0,1,1970
3337,1972,swimming,Y,Day,1,0,1970
3340,1972,surfing,N,Day,0,1,1970
3343,1972,standing,N,Day,0,1,1970
3344,1972,standing,N,Day,0,1,1970
3348,1971,swimming,N,Day,0,1,1970
3350,1971,swimming,N,Night,0,1,1970
3352,1971,surfing,N,Day,0,1,1970
3353,1971,swimming,N,Night,0,1,1970
3354,1971,swimming,N,Day,0,1,1970
3356,1971,swimming,Y,Day,1,0,1970
3358,1971,fishing,N,Day,0,1,1970
3359,1971,standing,N,Day,0,1,1970
3361,1971,surfing,N,Day,0,1,1970
3364,1971,swimming,Y,Day,1,0,1970
3365,1971,surfing,Y,Day,1,0,1970
3369,1971,surfing,N,Day,0,1,1970
3370,1971,swimming,N,Day,0,1,1970
3374,1970,fishing,Y,Day,1,0,1960
3376,1970,fishing,N,Night,0,1,1960
3381,1970,swimming,N,Day,0,1,1960
3383,1970,swimming,N,Day,0,1,1960
3387,1970,other,,Day,0,0,1960
3388,1970,other,N,Night,0,1,1960
3390,1970,swimming,N,Day,0,1,1960
3391,1970,standing,Y,Day,1,0,1960
3394,1970,swimming,Y,Day,1,0,1960
3398,1970,standing,N,Day,0,1,1960
3412,1970,standing,N,Day,0,1,1960
3414,1970,swimming,Y,Day,1,0,1960
3415,1970,fishing,N,Day,0,1,1960
3416,1969,swimming,N,Day,0,1,1960
3419,1969,swimming,N,Day,0,1,1960
3420,1969,swimming,N,Day,0,1,1960
3421,1969,swimming,N,Day,0,1,1960
3423,1969,surfing,N,Day,0,1,1960
3424,1969,surfing,N,Day,0,1,1960
3427,1969,other,N,Day,0,1,1960
3428,1969,surfing,N,Day,0,1,1960
3430,1969,swimming,N,Day,0,1,1960
3431,1969,standing,N,Day,0,1,1960
3432,1969,fishing,N,Day,0,1,1960
3433,1969,swimming,N,Day,0,1,1960
3439,1969,surfing,N,Day,0,1,1960
3440,1969,fishing,N,Day,0,1,1960
3442,1969,swimming,N,Night,0,1,1960
3446,1968,other,N,Day,0,1,1960
3447,1968,surfing,N,Day,0,1,1960
3453,1968,other,N,Day,0,1,1960
3454,1968,other,N,Night,0,1,1960
3457,1968,surfing,,Day,0,0,1960
3458,1968,fishing,Y,Day,1,0,1960
3459,1968,swimming,N,Day,0,1,1960
3460,1968,standing,N,Day,0,1,1960
3462,1968,other,N,Day,0,1,1960
3463,1968,fishing,N,Day,0,1,1960
3464,1968,swimming,N,Day,0,1,1960
3465,1968,standing,N,Day,0,1,1960
3466,1968,fishing,N,Day,0,1,1960
3468,1968,other,,Day,0,0,1960
3470,1968,other,N,Day,0,1,1960
3474,1968,standing,,Day,0,0,1960
3475,1968,other,N,Day,0,1,1960
3478,1968,other,N,Day,0,1,1960
3479,1968,standing,N,Day,0,1,1960
3480,1968,surfing,N,Day,0,1,1960
3481,1968,other,,Night,0,0,1960
3482,1968,surfing,N,Day,0,1,1960
3483,1968,swimming,N,Day,0,1,1960
3485,1968,fishing,N,Day,0,1,1960
3488,1968,swimming,Y,Day,1,0,1960
3490,1968,swimming,,Day,0,0,1960
3491,1968,surfing,,Day,0,0,1960
3492,1967,surfing,N,Day,0,1,1960
3494,1967,other,N,Day,0,1,1960
3499,1967,swimming,N,Day,0,1,1960
3503,1967,standing,N,Day,0,1,1960
3508,1967,fishing,N,Day,0,1,1960
3511,1967,other,N,Day,0,1,1960
3512,1967,other,Y,Day,1,0,1960
3514,1967,fishing,Y,Day,1,0,1960
3515,1967,swimming,N,Day,0,1,1960
3517,1967,swimming,,Night,0,0,1960
3518,1967,fishing,N,Day,0,1,1960
3519,1967,swimming,N,Day,0,1,1960
3520,1967,other,N,Night,0,1,1960
3521,1967,swimming,N,Day,0,1,1960
3522,1967,fishing,Y,Day,1,0,1960
3523,1967,surfing,,Day,0,0,1960
3524,1967,fishing,N,Day,0,1,1960
3526,1967,other,N,Day,0,1,1960
3527,1967,other,N,Day,0,1,1960
3529,1967,swimming,N,Day,0,1,1960
3530,1967,fishing,N,Night,0,1,1960
3531,1967,fishing,N,Day,0,1,1960
3533,1967,other,Y,Day,1,0,1960
3535,1967,swimming,Y,Day,1,0,1960
3543,1966,standing,N,Day,0,1,1960
3547,1966,swimming,Y,Day,1,0,1960
3548,1966,swimming,Y,Day,1,0,1960
3549,1966,fishing,N,Day,0,1,1960
3553,1966,fishing,N,Day,0,1,1960
3558,1966,swimming,N,Day,0,1,1960
3559,1966,swimming,Y,Day,1,0,1960
3560,1966,swimming,Y,Day,1,0,1960
3562,1966,swimming,N,Day,0,1,1960
3564,1966,fishing,,Day,0,0,1960
3565,1966,standing,N,Day,0,1,1960
3567,1966,other,N,Day,0,1,1960
3568,1966,fishing,N,Day,0,1,1960
3571,1966,swimming,,Night,0,0,1960
3573,1966,other,N,Day,0,1,1960
3574,1966,fishing,N,Day,0,1,1960
3575,1966,swimming,N,Day,0,1,1960
3576,1966,fishing,N,Day,0,1,1960
3577,1966,other,Y,Night,1,0,1960
3578,1966,fishing,N,Night,0,1,1960
3579,1966,other,Y,Night,1,0,1960
3580,1966,fishing,,Day,0,0,1960
3582,1966,swimming,N,Day,0,1,1960
3586,1966,other,N,Day,0,1,1960
3587,1966,other,N,Day,0,1,1960
3589,1966,fishing,N,Day,0,1,1960
3592,1966,standing,N,Day,0,1,1960
3594,1966,surfing,N,Day,0,1,1960
3595,1966,surfing,Y,Day,1,0,1960
3596,1966,swimming,N,Day,0,1,1960
3597,1966,standing,,Day,0,0,1960
3599,1965,swimming,N,Day,0,1,1960
3600,1965,fishing,N,Day,0,1,1960
3602,1965,surfing,N,Night,0,1,1960
3603,1965,other,,Night,0,0,1960
3604,1965,surfing,N,Day,0,1,1960
3611,1965,fishing,N,Day,0,1,1960
3612,1965,other,N,Day,0,1,1960
3614,1965,swimming,N,Day,0,1,1960
3616,1965,swimming,Y,Day,1,0,1960
3620,1965,swimming,N,Day,0,1,1960
3622,1965,other,Y,Day,1,0,1960
3623,1965,swimming,Y,Day,1,0,1960
3628,1965,other,N,Day,0,1,1960
3629,1965,surfing,,Day,0,0,1960
3630,1965,fishing,N,Day,0,1,1960
3631,1965,standing,N,Day,0,1,1960
3632,1965,surfing,N,Night,0,1,1960
3633,1965,other,,Day,0,0,1960
3634,1965,swimming,N,Day,0,1,1960
3635,1965,other,N,Day,0,1,1960
3636,1965,swimming,N,Day,0,1,1960
3638,1965,surfing,N,Day,0,1,1960
3639,1965,surfing,N,Day,0,1,1960
3649,1964,swimming,N,Day,0,1,1960
3651,1964,fishing,N,Day,0,1,1960
3652,1964,swimming,N,Day,0,1,1960
3654,1964,swimming,N,Day,0,1,1960
3655,1964,swimming,Y,Day,1,0,1960
3657,1964,fishing,N,Day,0,1,1960
3659,1964,other,,Night,0,0,1960
3660,1964,surfing,N,Day,0,1,1960
3661,1964,fishing,,Day,0,0,1960
3662,1964,swimming,Y,Day,1,0,1960
3663,1964,swimming,N,Day,0,1,1960
3664,1964,swimming,N,Day,0,1,1960
3665,1964,swimming,N,Day,0,1,1960
3666,1964,fishing,,Day,0,0,1960
3667,1964,swimming,N,Day,0,1,1960
3668,1964,fishing,N,Day,0,1,1960
3671,1964,other,N,Day,0,1,1960
3679,1964,swimming,,Night,0,0,1960
3683,1964,swimming,,Day,0,0,1960
3685,1964,fishing,Y,Day,1,0,1960
3689,1964,other,Y,Night,1,0,1960
3690,1964,swimming,N,Day,0,1,1960
3694,1964,fishing,Y,Day,1,0,1960
3695,1964,swimming,N,Day,0,1,1960
3696,1964,fishing,N,Day,0,1,1960
3697,1964,surfing,N,Day,0,1,1960
3699,1964,swimming,Y,Night,1,0,1960
3700,1964,swimming,,Day,0,0,1960
3701,1964,other,N,Day,0,1,1960
3705,1964,surfing,N,Day,0,1,1960
3706,1964,standing,N,Day,0,1,1960
3707,1964,other,N,Day,0,1,1960
3709,1964,fishing,N,Day,0,1,1960
3711,1964,swimming,N,Day,0,1,1960
3713,1964,swimming,N,Day,0,1,1960
3714,1964,swimming,,Night,0,0,1960
3715,1963,standing,N,Day,0,1,1960
3716,1963,swimming,N,Day,0,1,1960
3717,1963,standing,N,Night,0,1,1960
3718,1963,swimming,Y,Day,1,0,1960
3720,1963,other,N,Day,0,1,1960
3722,1963,fishing,N,Day,0,1,1960
3723,1963,surfing,Y,Day,1,0,1960
3724,1963,fishing,N,Day,0,1,1960
3726,1963,other,N,Day,0,1,1960
3727,1963,fishing,N,Day,0,1,1960
3728,1963,fishing,N,Day,0,1,1960
3729,1963,fishing,N,Day,0,1,1960
3732,1963,other,N,Day,0,1,1960
3734,1963,fishing,N,Night,0,1,1960
3735,1963,fishing,N,Day,0,1,1960
3737,1963,fishing,Y,Day,1,0,1960
3739,1963,fishing,Y,Day,1,0,1960
3740,1963,surfing,N,Day,0,1,1960
3741,1963,fishing,N,Day,0,1,1960
3743,1963,fishing,N,Day,0,1,1960
3744,1963,swimming,N,Day,0,1,1960
3748,1963,swimming,Y,Day,1,0,1960
3749,1963,fishing,N,Day,0,1,1960
3753,1963,swimming,Y,Day,1,0,1960
3754,1963,swimming,N,Day,0,1,1960
3756,1963,surfing,N,Day,0,1,1960
3758,1963,other,Y,Night,1,0,1960
3759,1963,swimming,N,Day,0,1,1960
3760,1963,fishing,N,Day,0,1,1960
3761,1963,fishing,N,Day,0,1,1960
3765,1963,standing,Y,Day,1,0,1960
3766,1963,swimming,,Day,0,0,1960
3768,1963,fishing,N,Day,0,1,1960
3770,1963,fishing,N,Day,0,1,1960
3771,1963,fishing,N,Day,0,1,1960
3776,1962,swimming,N,Day,0,1,1960
3777,1962,fishing,Y,Day,1,0,1960
3781,1962,fishing,N,Day,0,1,1960
3783,1962,other,N,Night,0,1,1960
3784,1962,fishing,N,Day,0,1,1960
3785,1962,standing,Y,Day,1,0,1960
3790,1962,fishing,N,Day,0,1,1960
3791,1962,swimming,N,Day,0,1,1960
3793,1962,fishing,Y,Day,1,0,1960
3796,1962,fishing,N,Day,0,1,1960
3797,1962,swimming,N,Day,0,1,1960
3799,1962,fishing,N,Day,0,1,1960
3800,1962,fishing,Y,Day,1,0,1960
3801,1962,standing,N,Day,0,1,1960
3802,1962,fishing,Y,Day,1,0,1960
3806,1962,other,N,Day,0,1,1960
3807,1962,fishing,N,Day,0,1,1960
3808,1962,surfing,N,Day,0,1,1960
3809,1962,swimming,N,Day,0,1,1960
3812,1962,fishing,N,Night,0,1,1960
3813,1962,other,N,Day,0,1,1960
3814,1962,other,N,Night,0,1,1960
3815,1962,other,Y,Night,1,0,1960
3817,1962,standing,Y,Day,1,0,1960
3818,1962,standing,N,Day,0,1,1960
3819,1962,fishing,N,Night,0,1,1960
3820,1962,swimming,N,Day,0,1,1960
3821,1962,swimming,N,Day,0,1,1960
3823,1962,other,Y,Night,1,0,1960
3826,1962,swimming,N,Day,0,1,1960
3827,1962,standing,N,Day,0,1,1960
3831,1962,swimming,Y,Day,1,0,1960
3835,1962,swimming,Y,Day,1,0,1960
3836,1962,other,Y,Day,1,0,1960
3837,1962,swimming,N,Day,0,1,1960
3840,1962,standing,N,Day,0,1,1960
3843,1962,fishing,,Day,0,0,1960
3845,1962,fishing,N,Day,0,1,1960
3846,1962,fishing,N,Day,0,1,1960
3848,1962,surfing,N,Day,0,1,1960
3850,1962,fishing,N,Day,0,1,1960
3851,1962,fishing,N,Day,0,1,1960
3858,1962,fishing,N,Day,0,1,1960
3862,1961,standing,Y,Day,1,0,1960
3863,1961,standing,N,Day,0,1,1960
3864,1961,other,N,Day,0,1,1960
3865,1961,fishing,N,Night,0,1,1960
3867,1961,swimming,N,Day,0,1,1960
3868,1961,surfing,Y,Night,1,0,1960
3869,1961,swimming,N,Day,0,1,1960
3875,1961,other,N,Day,0,1,1960
3876,1961,swimming,Y,Day,1,0,1960
3877,1961,fishing,N,Night,0,1,1960
3878,1961,surfing,N,Night,0,1,1960
3879,1961,swimming,N,Day,0,1,1960
3882,1961,swimming,N,Day,0,1,1960
3883,1961,standing,N,Day,0,1,1960
3884,1961,fishing,N,Day,0,1,1960
3885,1961,fishing,N,Day,0,1,1960
3887,1961,fishing,N,Day,0,1,1960
3890,1961,fishing,N,Day,0,1,1960
3892,1961,fishing,Y,Day,1,0,1960
3893,1961,standing,N,Day,0,1,1960
3897,1961,swimming,N,Day,0,1,1960
3899,1961,standing,N,Day,0,1,1960
3901,1961,standing,,Day,0,0,1960
3902,1961,fishing,N,Day,0,1,1960
3903,1961,swimming,N,Day,0,1,1960
3907,1961,fishing,N,Night,0,1,1960
3908,1961,swimming,Y,Day,1,0,1960
3913,1961,swimming,N,Day,0,1,1960
3915,1961,fishing,N,Day,0,1,1960
3916,1961,swimming,N,Day,0,1,1960
3918,1961,swimming,N,Day,0,1,1960
3920,1961,standing,N,Day,0,1,1960
3922,1961,fishing,N,Day,0,1,1960
3923,1961,swimming,Y,Day,1,0,1960
3927,1961,swimming,N,Day,0,1,1960
3928,1961,other,N,Day,0,1,1960
3929,1961,standing,N,Day,0,1,1960
3932,1961,swimming,N,Day,0,1,1960
3933,1961,standing,N,Day,0,1,1960
3943,1960,swimming,Y,Day,1,0,1950bef
3944,1960,fishing,N,Day,0,1,1950bef
3946,1960,swimming,N,Day,0,1,1950bef
3948,1960,surfing,N,Day,0,1,1950bef
3953,1960,other,N,Day,0,1,1950bef
3960,1960,swimming,,Day,0,0,1950bef
3964,1960,fishing,,Day,0,0,1950bef
3965,1960,fishing,,Day,0,0,1950bef
3966,1960,swimming,N,Day,0,1,1950bef
3969,1960,swimming,N,Day,0,1,1950bef
3972,1960,standing,N,Day,0,1,1950bef
3974,1960,other,N,Day,0,1,1950bef
3980,1960,fishing,N,Day,0,1,1950bef
3982,1960,fishing,N,Day,0,1,1950bef
3985,1960,swimming,N,Day,0,1,1950bef
3987,1960,surfing,Y,Day,1,0,1950bef
3988,1960,swimming,N,Day,0,1,1950bef
3989,1960,fishing,N,Day,0,1,1950bef
3990,1960,surfing,N,Day,0,1,1950bef
3991,1960,swimming,N,Day,0,1,1950bef
3994,1960,other,N,Day,0,1,1950bef
3995,1960,surfing,N,Day,0,1,1950bef
3998,1960,swimming,,Day,0,0,1950bef
3999,1960,surfing,N,Day,0,1,1950bef
4002,1960,fishing,N,Day,0,1,1950bef
4007,1960,other,N,Day,0,1,1950bef
4008,1960,fishing,N,Day,0,1,1950bef
4009,1960,fishing,N,Night,0,1,1950bef
4011,1960,fishing,,Day,0,0,1950bef
4016,1960,other,,Night,0,0,1950bef
4020,1960,swimming,Y,Day,1,0,1950bef
4022,1960,fishing,N,Day,0,1,1950bef
4024,1960,swimming,N,Day,0,1,1950bef
4033,1960,standing,N,Day,0,1,1950bef
4034,1959,surfing,N,Day,0,1,1950bef
4035,1959,fishing,N,Night,0,1,1950bef
4037,1959,swimming,Y,Night,1,0,1950bef
4038,1959,other,Y,Day,1,0,1950bef
4041,1959,fishing,N,Day,0,1,1950bef
4043,1959,surfing,N,Day,0,1,1950bef
4044,1959,standing,N,Night,0,1,1950bef
4045,1959,surfing,N,Day,0,1,1950bef
4046,1959,surfing,,Night,0,0,1950bef
4049,1959,surfing,N,Day,0,1,1950bef
4054,1959,swimming,N,Day,0,1,1950bef
4056,1959,fishing,N,Day,0,1,1950bef
4059,1959,other,N,Day,0,1,1950bef
4061,1959,other,N,Day,0,1,1950bef
4068,1959,surfing,,Night,0,0,1950bef
4072,1959,fishing,Y,Day,1,0,1950bef
4075,1959,swimming,Y,Day,1,0,1950bef
4076,1959,standing,N,Day,0,1,1950bef
4079,1959,other,N,Day,0,1,1950bef
4080,1959,fishing,N,Day,0,1,1950bef
4081,1959,other,Y,Day,1,0,1950bef
4091,1959,swimming,Y,Day,1,0,1950bef
4095,1959,other,Y,Day,1,0,1950bef
4096,1959,fishing,N,Day,0,1,1950bef
4103,1959,swimming,N,Day,0,1,1950bef
4109,1959,swimming,Y,Day,1,0,1950bef
4110,1959,other,N,Day,0,1,1950bef
4111,1959,other,N,Night,0,1,1950bef
4114,1959,other,Y,Day,1,0,1950bef
4115,1959,surfing,N,Day,0,1,1950bef
4116,1959,swimming,N,Day,0,1,1950bef
4118,1959,fishing,Y,Day,1,0,1950bef
4130,1958,surfing,Y,Day,1,0,1950bef
4131,1958,other,Y,Day,1,0,1950bef
4132,1958,swimming,Y,Day,1,0,1950bef
4140,1958,other,Y,Day,1,0,1950bef
4141,1958,fishing,N,Day,0,1,1950bef
4143,1958,other,N,Night,0,1,1950bef
4144,1958,swimming,N,Day,0,1,1950bef
4146,1958,swimming,N,Day,0,1,1950bef
4150,1958,other,Y,Day,1,0,1950bef
4151,1958,other,N,Day,0,1,1950bef
4152,1958,swimming,N,Day,0,1,1950bef
4154,1958,fishing,N,Day,0,1,1950bef
4156,1958,standing,N,Day,0,1,1950bef
4157,1958,standing,N,Day,0,1,1950bef
4162,1958,swimming,N,Day,0,1,1950bef
4163,1958,surfing,Y,Day,1,0,1950bef
4164,1958,swimming,Y,Day,1,0,1950bef
4166,1958,fishing,,Day,0,0,1950bef
4169,1958,surfing,N,Day,0,1,1950bef
4171,1958,swimming,Y,Night,1,0,1950bef
4182,1957,standing,N,Day,0,1,1950bef
4183,1957,swimming,N,Day,0,1,1950bef
4184,1957,swimming,Y,Day,1,0,1950bef
4185,1957,standing,Y,Day,1,0,1950bef
4186,1957,surfing,N,Day,0,1,1950bef
4189,1957,other,Y,Day,1,0,1950bef
4190,1957,other,Y,Day,1,0,1950bef
4194,1957,swimming,Y,Day,1,0,1950bef
4197,1957,fishing,N,Day,0,1,1950bef
4200,1957,swimming,Y,Day,1,0,1950bef
4202,1957,standing,N,Day,0,1,1950bef
4203,1957,swimming,N,Day,0,1,1950bef
4207,1957,swimming,N,Day,0,1,1950bef
4222,1956,fishing,Y,Day,1,0,1950bef
4223,1956,fishing,Y,Day,1,0,1950bef
4228,1956,fishing,N,Day,0,1,1950bef
4238,1956,swimming,N,Day,0,1,1950bef
4239,1956,fishing,N,Day,0,1,1950bef
4245,1956,swimming,Y,Day,1,0,1950bef
4248,1956,standing,N,Day,0,1,1950bef
4249,1956,swimming,N,Day,0,1,1950bef
4258,1956,surfing,Y,Day,1,0,1950bef
4260,1956,swimming,Y,Day,1,0,1950bef
4275,1955,swimming,N,Day,0,1,1950bef
4280,1955,fishing,N,Day,0,1,1950bef
4288,1955,other,N,Day,0,1,1950bef
4290,1955,other,Y,Day,1,0,1950bef
4295,1955,fishing,N,Day,0,1,1950bef
4299,1955,surfing,Y,Day,1,0,1950bef
4301,1955,standing,N,Day,0,1,1950bef
4303,1955,fishing,N,Day,0,1,1950bef
4304,1955,swimming,Y,Day,1,0,1950bef
4308,1955,fishing,Y,Day,1,0,1950bef
4309,1955,other,Y,Day,1,0,1950bef
4312,1955,standing,Y,Day,1,0,1950bef
4317,1954,swimming,Y,Day,1,0,1950bef
4318,1954,swimming,Y,Day,1,0,1950bef
4319,1954,swimming,N,Day,0,1,1950bef
4320,1954,fishing,N,Day,0,1,1950bef
4333,1954,fishing,,Night,0,0,1950bef
4334,1954,swimming,Y,Night,1,0,1950bef
4340,1954,swimming,N,Day,0,1,1950bef
4346,1954,swimming,Y,Day,1,0,1950bef
4349,1954,swimming,N,Day,0,1,1950bef
4350,1954,other,N,Day,0,1,1950bef
4358,1953,swimming,N,Day,0,1,1950bef
4360,1953,swimming,N,Day,0,1,1950bef
4368,1953,swimming,,Day,0,0,1950bef
4370,1953,fishing,Y,Day,1,0,1950bef
4375,1953,surfing,N,Day,0,1,1950bef
4379,1953,swimming,N,Day,0,1,1950bef
4387,1953,fishing,N,Day,0,1,1950bef
4390,1953,fishing,N,Day,0,1,1950bef
4395,1952,fishing,N,Night,0,1,1950bef
4399,1952,surfing,Y,Day,1,0,1950bef
4403,1952,fishing,Y,Night,1,0,1950bef
4409,1952,fishing,N,Day,0,1,1950bef
4410,1952,surfing,N,Day,0,1,1950bef
4413,1952,fishing,N,Day,0,1,1950bef
4426,1951,other,Y,Day,1,0,1950bef
4427,1951,swimming,N,Day,0,1,1950bef
4429,1951,other,N,Day,0,1,1950bef
4431,1951,swimming,Y,Day,1,0,1950bef
4434,1951,fishing,N,Night,0,1,1950bef
4441,1951,surfing,N,Day,0,1,1950bef
4443,1951,fishing,N,Day,0,1,1950bef
4444,1951,swimming,N,Day,0,1,1950bef
4446,1951,surfing,N,Day,0,1,1950bef
4448,1951,surfing,N,Day,0,1,1950bef
4449,1951,surfing,N,Day,0,1,1950bef
4452,1951,swimming,Y,Day,1,0,1950bef
4457,1950,other,Y,Day,1,0,1950bef
4459,1950,surfing,N,Day,0,1,1950bef
4461,1950,surfing,N,Day,0,1,1950bef
4462,1950,fishing,N,Night,0,1,1950bef
4463,1950,fishing,N,Day,0,1,1950bef
4464,1950,swimming,N,Night,0,1,1950bef
4468,1950,other,N,Day,0,1,1950bef
4473,1950,other,Y,Day,1,0,1950bef
4474,1950,other,N,Day,0,1,1950bef
4478,1950,standing,N,Day,0,1,1950bef
4479,1950,other,Y,Day,1,0,1950bef
4482,1950,surfing,Y,Day,1,0,1950bef
4483,1950,fishing,,Night,0,0,1950bef
4489,1950,other,Y,Day,1,0,1950bef
4492,1950,swimming,N,Day,0,1,1950bef
4500,1949,swimming,N,Day,0,1,1950bef
4502,1949,swimming,N,Day,0,1,1950bef
4503,1949,swimming,Y,Day,1,0,1950bef
4505,1949,swimming,N,Day,0,1,1950bef
4509,1949,swimming,N,Day,0,1,1950bef
4515,1949,swimming,Y,Day,1,0,1950bef
4518,1949,other,Y,Day,1,0,1950bef
4519,1949,surfing,,Day,0,0,1950bef
4530,1948,other,Y,Day,1,0,1950bef
4534,1948,surfing,Y,Night,1,0,1950bef
4536,1948,swimming,Y,Day,1,0,1950bef
4555,1948,other,N,Day,0,1,1950bef
4561,1947,fishing,Y,Day,1,0,1950bef
4563,1947,fishing,N,Night,0,1,1950bef
4565,1947,swimming,Y,Day,1,0,1950bef
4566,1947,swimming,N,Day,0,1,1950bef
4573,1947,swimming,N,Day,0,1,1950bef
4575,1947,fishing,N,Day,0,1,1950bef
4578,1947,other,N,Day,0,1,1950bef
4579,1947,surfing,N,Day,0,1,1950bef
4581,1947,other,N,Day,0,1,1950bef
4582,1947,standing,N,Day,0,1,1950bef
4583,1947,other,N,Day,0,1,1950bef
4588,1947,other,N,Day,0,1,1950bef
4595,1946,swimming,Y,Day,1,0,1950bef
4600,1946,swimming,Y,Day,1,0,1950bef
4602,1946,fishing,N,Day,0,1,1950bef
4603,1946,other,N,Day,0,1,1950bef
4604,1946,standing,N,Day,0,1,1950bef
4605,1946,swimming,N,Day,0,1,1950bef
4606,1946,other,N,Day,0,1,1950bef
4607,1946,swimming,N,Day,0,1,1950bef
4609,1946,swimming,N,Day,0,1,1950bef
4615,1945,swimming,Y,Night,1,0,1950bef
4622,1945,other,Y,Night,1,0,1950bef
4623,1945,swimming,Y,Day,1,0,1950bef
4625,1945,standing,N,Day,0,1,1950bef
4630,1945,swimming,N,Day,0,1,1950bef
4639,1944,surfing,Y,Day,1,0,1950bef
4643,1944,swimming,Y,Day,1,0,1950bef
4644,1944,swimming,Y,Day,1,0,1950bef
4650,1944,other,N,Day,0,1,1950bef
4651,1944,standing,Y,Day,1,0,1950bef
4652,1944,other,N,Day,0,1,1950bef
4653,1944,other,N,Day,0,1,1950bef
4655,1944,surfing,Y,Day,1,0,1950bef
4657,1944,surfing,N,Day,0,1,1950bef
4658,1944,swimming,Y,Day,1,0,1950bef
4662,1943,other,Y,Day,1,0,1950bef
4667,1943,surfing,Y,Day,1,0,1950bef
4671,1943,swimming,,Day,0,0,1950bef
4676,1943,other,Y,Night,1,0,1950bef
4679,1943,swimming,Y,Day,1,0,1950bef
4681,1943,other,Y,Day,1,0,1950bef
4690,1942,surfing,Y,Day,1,0,1950bef
4691,1942,other,Y,Day,1,0,1950bef
4696,1942,other,Y,Day,1,0,1950bef
4698,1942,swimming,Y,Day,1,0,1950bef
4704,1942,other,N,Day,0,1,1950bef
4715,1942,other,Y,Night,1,0,1950bef
4718,1942,swimming,Y,Day,1,0,1950bef
4725,1942,swimming,N,Day,0,1,1950bef
4732,1941,swimming,N,Night,0,1,1950bef
4737,1941,other,Y,Night,1,0,1950bef
4741,1941,fishing,N,Day,0,1,1950bef
4743,1941,fishing,N,Day,0,1,1950bef
4744,1941,other,Y,Day,1,0,1950bef
4746,1941,fishing,N,Night,0,1,1950bef
4748,1941,other,N,Night,0,1,1950bef
4749,1941,other,N,Day,0,1,1950bef
4752,1941,standing,Y,Day,1,0,1950bef
4758,1940,standing,Y,Day,1,0,1950bef
4759,1940,swimming,Y,Day,1,0,1950bef
4766,1940,other,Y,Day,1,0,1950bef
4768,1940,swimming,Y,Day,1,0,1950bef
4769,1940,other,N,Day,0,1,1950bef
4770,1940,standing,Y,Day,1,0,1950bef
4772,1940,swimming,Y,Day,1,0,1950bef
4773,1940,swimming,N,Day,0,1,1950bef
4774,1940,swimming,Y,Day,1,0,1950bef
4783,1939,swimming,Y,Day,1,0,1950bef
4794,1939,swimming,N,Day,0,1,1950bef
4795,1939,other,N,Day,0,1,1950bef
4808,1938,fishing,N,Day,0,1,1950bef
4818,1938,swimming,N,Day,0,1,1950bef
4824,1938,swimming,,Day,0,0,1950bef
4834,1937,swimming,Y,Day,1,0,1950bef
4842,1937,swimming,N,Day,0,1,1950bef
4849,1937,swimming,Y,Night,1,0,1950bef
4851,1937,swimming,Y,Night,1,0,1950bef
4854,1937,swimming,Y,Day,1,0,1950bef
4856,1937,fishing,N,Night,0,1,1950bef
4858,1937,other,,Night,0,0,1950bef
4864,1936,swimming,Y,Day,1,0,1950bef
4874,1936,swimming,Y,Day,1,0,1950bef
4875,1936,fishing,N,Day,0,1,1950bef
4880,1936,swimming,N,Day,0,1,1950bef
4888,1936,swimming,Y,Day,1,0,1950bef
4889,1936,swimming,Y,Day,1,0,1950bef
4895,1935,swimming,Y,Day,1,0,1950bef
4897,1935,surfing,Y,Night,1,0,1950bef
4903,1935,swimming,Y,Day,1,0,1950bef
4913,1935,swimming,N,Day,0,1,1950bef
4918,1935,swimming,Y,Day,1,0,1950bef
4919,1935,standing,Y,Day,1,0,1950bef
4920,1935,surfing,N,Day,0,1,1950bef
4925,1934,standing,N,Day,0,1,1950bef
4926,1934,swimming,Y,Day,1,0,1950bef
4927,1934,swimming,Y,Day,1,0,1950bef
4928,1934,swimming,N,Day,0,1,1950bef
4930,1934,fishing,N,Night,0,1,1950bef
4939,1934,fishing,N,Night,0,1,1950bef
4941,1934,surfing,N,Day,0,1,1950bef
4942,1934,swimming,Y,Day,1,0,1950bef
4943,1934,swimming,N,Day,0,1,1950bef
4944,1934,swimming,Y,Day,1,0,1950bef
4945,1934,swimming,Y,Day,1,0,1950bef
4947,1934,standing,N,Day,0,1,1950bef
4951,1934,swimming,N,Day,0,1,1950bef
4973,1933,swimming,Y,Day,1,0,1950bef
4977,1932,swimming,N,Day,0,1,1950bef
4997,1932,swimming,N,Day,0,1,1950bef
5000,1932,fishing,N,Night,0,1,1950bef
5002,1931,swimming,Y,Day,1,0,1950bef
5024,1931,swimming,,Night,0,0,1950bef
5027,1931,swimming,N,Day,0,1,1950bef
5030,1930,swimming,N,Day,0,1,1950bef
5037,1930,fishing,N,Day,0,1,1950bef
5039,1930,swimming,N,Night,0,1,1950bef
5040,1930,swimming,N,Night,0,1,1950bef
5043,1930,swimming,N,Day,0,1,1950bef
5049,1930,swimming,Y,Day,1,0,1950bef
5052,1930,swimming,N,Day,0,1,1950bef
5074,1929,standing,N,Day,0,1,1950bef
5077,1929,swimming,N,Day,0,1,1950bef
5081,1929,surfing,Y,Day,1,0,1950bef
5083,1929,swimming,Y,Day,1,0,1950bef
5084,1929,swimming,Y,Day,1,0,1950bef
5086,1929,surfing,Y,Day,1,0,1950bef
5098,1928,swimming,Y,Day,1,0,1950bef
5104,1928,other,,Day,0,0,1950bef
5106,1928,other,N,Day,0,1,1950bef
5107,1928,swimming,Y,Night,1,0,1950bef
5108,1928,swimming,N,Day,0,1,1950bef
5109,1928,standing,Y,Day,1,0,1950bef
5115,1928,swimming,,Night,0,0,1950bef
5116,1928,surfing,,Night,0,0,1950bef
5118,1928,surfing,N,Day,0,1,1950bef
5119,1928,standing,N,Day,0,1,1950bef
5120,1927,swimming,Y,Day,1,0,1950bef
5122,1927,other,Y,Day,1,0,1950bef
5130,1927,surfing,N,Day,0,1,1950bef
5134,1927,surfing,N,Day,0,1,1950bef
5136,1927,swimming,Y,Day,1,0,1950bef
5142,1926,swimming,N,Day,0,1,1950bef
5143,1926,other,N,Night,0,1,1950bef
5146,1926,swimming,Y,Day,1,0,1950bef
5151,1926,surfing,N,Night,0,1,1950bef
5152,1926,swimming,N,Day,0,1,1950bef
5153,1926,swimming,Y,Day,1,0,1950bef
5160,1925,swimming,Y,Day,1,0,1950bef
5164,1925,fishing,N,Day,0,1,1950bef
5168,1925,swimming,N,Day,0,1,1950bef
5169,1925,swimming,Y,Day,1,0,1950bef
5175,1924,other,N,Night,0,1,1950bef
5176,1924,swimming,Y,Day,1,0,1950bef
5182,1924,other,N,Night,0,1,1950bef
5183,1924,fishing,Y,Day,1,0,1950bef
5188,1924,swimming,N,Day,0,1,1950bef
5189,1924,swimming,,Day,0,0,1950bef
5190,1924,swimming,Y,Day,1,0,1950bef
5191,1924,swimming,N,Day,0,1,1950bef
5192,1924,swimming,Y,Day,1,0,1950bef
5200,1923,fishing,N,Night,0,1,1950bef
5205,1923,swimming,Y,Day,1,0,1950bef
5216,1922,swimming,Y,Day,1,0,1950bef
5224,1922,swimming,Y,Day,1,0,1950bef
5229,1922,swimming,Y,Day,1,0,1950bef
5231,1922,swimming,Y,Day,1,0,1950bef
5233,1922,swimming,Y,Day,1,0,1950bef
5234,1922,standing,N,Day,0,1,1950bef
5235,1922,surfing,Y,Night,1,0,1950bef
5237,1921,other,Y,Day,1,0,1950bef
5238,1921,standing,N,Day,0,1,1950bef
5241,1921,swimming,Y,Day,1,0,1950bef
5244,1921,swimming,Y,Day,1,0,1950bef
5248,1921,fishing,Y,Day,1,0,1950bef
5253,1920,swimming,N,Day,0,1,1950bef
5257,1920,swimming,N,Day,0,1,1950bef
5259,1920,swimming,Y,Day,1,0,1950bef
5264,1919,swimming,Y,Night,1,0,1950bef
5267,1919,swimming,N,Day,0,1,1950bef
5268,1919,swimming,N,Day,0,1,1950bef
5271,1919,swimming,N,Day,0,1,1950bef
5272,1919,swimming,N,Day,0,1,1950bef
5273,1919,standing,Y,Night,1,0,1950bef
5274,1919,standing,Y,Day,1,0,1950bef
5280,1918,surfing,N,Day,0,1,1950bef
5282,1917,swimming,N,Night,0,1,1950bef
5283,1917,other,Y,Night,1,0,1950bef
5287,1917,swimming,Y,Day,1,0,1950bef
5288,1917,other,Y,Day,1,0,1950bef
5290,1917,swimming,Y,Day,1,0,1950bef
5294,1916,other,Y,Day,1,0,1950bef
5295,1916,swimming,N,Day,0,1,1950bef
5297,1916,swimming,Y,Night,1,0,1950bef
5298,1916,swimming,Y,Night,1,0,1950bef
5302,1916,swimming,,Day,0,0,1950bef
5310,1916,swimming,Y,Day,1,0,1950bef
5311,1916,swimming,Y,Day,1,0,1950bef
5317,1916,swimming,N,Day,0,1,1950bef
5337,1914,fishing,N,Night,0,1,1950bef
5338,1914,swimming,Y,Day,1,0,1950bef
5340,1914,fishing,N,Day,0,1,1950bef
5368,1912,swimming,N,Day,0,1,1950bef
5373,1912,swimming,N,Day,0,1,1950bef
5375,1912,swimming,Y,Day,1,0,1950bef
5378,1912,swimming,Y,Day,1,0,1950bef
5382,1911,swimming,N,Night,0,1,1950bef
5383,1911,surfing,Y,Day,1,0,1950bef
5388,1911,swimming,Y,Night,1,0,1950bef
5404,1910,swimming,N,Night,0,1,1950bef
5406,1910,surfing,N,Night,0,1,1950bef
5416,1909,fishing,N,Day,0,1,1950bef
5445,1907,swimming,N,Day,0,1,1950bef
5447,1907,fishing,N,Day,0,1,1950bef
5461,1907,swimming,Y,Day,1,0,1950bef
5483,1906,swimming,Y,Day,1,0,1950bef
5484,1906,standing,Y,Day,1,0,1950bef
5485,1905,swimming,Y,Day,1,0,1950bef
5492,1905,standing,Y,Day,1,0,1950bef
5497,1905,swimming,Y,Day,1,0,1950bef
5498,1905,swimming,N,Day,0,1,1950bef
5527,1902,swimming,Y,Day,1,0,1950bef
5528,1902,swimming,Y,Day,1,0,1950bef
5541,1902,swimming,N,Day,0,1,1950bef
5545,1901,swimming,Y,Day,1,0,1950bef
5548,1901,swimming,N,Day,0,1,1950bef
5556,1900,swimming,N,Day,0,1,1950bef
5557,1900,swimming,N,Day,0,1,1950bef
5561,1900,standing,N,Day,0,1,1950bef
5563,1900,swimming,N,Day,0,1,1950bef
5564,1899,other,N,Day,0,1,1950bef
5566,1899,fishing,N,Day,0,1,1950bef
5572,1899,swimming,N,Day,0,1,1950bef
5573,1899,swimming,N,Day,0,1,1950bef
5574,1899,swimming,N,Day,0,1,1950bef
5589,1898,swimming,N,Day,0,1,1950bef
5591,1898,swimming,Y,Day,1,0,1950bef
5596,1898,swimming,Y,Night,1,0,1950bef
5608,1897,fishing,N,Day,0,1,1950bef
5610,1897,fishing,Y,Day,1,0,1950bef
5616,1896,fishing,N,Night,0,1,1950bef
5622,1896,fishing,Y,Day,1,0,1950bef
5624,1896,swimming,Y,Day,1,0,1950bef
5630,1895,other,,Night,0,0,1950bef
5633,1895,swimming,Y,Night,1,0,1950bef
5640,1895,other,Y,Day,1,0,1950bef
5641,1895,swimming,N,Day,0,1,1950bef
5648,1894,swimming,N,Day,0,1,1950bef
5668,1893,other,Y,Day,1,0,1950bef
5671,1893,swimming,,Day,0,0,1950bef
5684,1892,fishing,N,Night,0,1,1950bef
5693,1891,other,Y,Night,1,0,1950bef
5694,1891,other,Y,Night,1,0,1950bef
5711,1890,swimming,Y,Day,1,0,1950bef
5717,1889,fishing,N,Night,0,1,1950bef
5722,1888,swimming,Y,Day,1,0,1950bef
5725,1888,other,Y,Day,1,0,1950bef
5730,1888,fishing,N,Night,0,1,1950bef
5732,1888,swimming,N,Night,0,1,1950bef
5737,1887,other,Y,Day,1,0,1950bef
5746,1887,other,Y,Night,1,0,1950bef
5747,1887,swimming,Y,Day,1,0,1950bef
5754,1886,swimming,Y,Day,1,0,1950bef
5760,1886,swimming,N,Night,0,1,1950bef
5763,1886,other,N,Day,0,1,1950bef
5765,1885,swimming,N,Night,0,1,1950bef
5774,1884,other,Y,Night,1,0,1950bef
5780,1883,swimming,Y,Day,1,0,1950bef
5788,1883,swimming,Y,Night,1,0,1950bef
5794,1882,swimming,N,Day,0,1,1950bef
5797,1882,surfing,N,Day,0,1,1950bef
5805,1881,swimming,,Night,0,0,1950bef
5814,1880,swimming,Y,Day,1,0,1950bef
5816,1880,swimming,Y,Day,1,0,1950bef
5817,1880,other,N,Day,0,1,1950bef
5818,1880,other,N,Day,0,1,1950bef
5821,1880,swimming,Y,Day,1,0,1950bef
5822,1880,swimming,Y,Day,1,0,1950bef
5823,1880,fishing,N,Day,0,1,1950bef
5843,1878,swimming,Y,Day,1,0,1950bef
5844,1878,swimming,Y,Day,1,0,1950bef
5853,1877,fishing,N,Day,0,1,1950bef
5856,1877,swimming,N,Day,0,1,1950bef
5882,1874,swimming,N,Day,0,1,1950bef
5888,1874,other,Y,Night,1,0,1950bef
5900,1872,other,,Night,0,0,1950bef
5901,1872,other,N,Night,0,1,1950bef
5910,1871,fishing,N,Night,0,1,1950bef
5922,1868,standing,Y,Day,1,0,1950bef
5934,1865,swimming,N,Day,0,1,1950bef
5943,1864,swimming,Y,Night,1,0,1950bef
5950,1864,other,Y,Day,1,0,1950bef
5952,1863,swimming,Y,Night,1,0,1950bef
5956,1863,swimming,N,Day,0,1,1950bef
5958,1863,swimming,Y,Night,1,0,1950bef
5959,1863,surfing,Y,Day,1,0,1950bef
5963,1862,swimming,N,Night,0,1,1950bef
5970,1862,swimming,Y,Day,1,0,1950bef
5975,1861,swimming,Y,Day,1,0,1950bef
5981,1860,fishing,Y,Night,1,0,1950bef
5982,1860,swimming,N,Night,0,1,1950bef
5991,1858,swimming,Y,Day,1,0,1950bef
6021,1852,other,Y,Night,1,0,1950bef
6030,1849,swimming,Y,Day,1,0,1950bef
6065,1841,swimming,Y,Day,1,0,1950bef
6076,1837,swimming,N,Night,0,1,1950bef
6077,1837,standing,Y,Night,1,0,1950bef
6090,1830,standing,Y,Night,1,0,1950bef
6091,1830,swimming,Y,Day,1,0,1950bef
6092,1830,other,Y,Night,1,0,1950bef
6094,1829,surfing,Y,Day,1,0,1950bef
6105,1826,surfing,Y,Day,1,0,1950bef
6113,1817,swimming,Y,Night,1,0,1950bef
6114,1817,swimming,Y,Night,1,0,1950bef
6115,1817,swimming,N,Day,0,1,1950bef
6140,1784,swimming,Y,Night,1,0,1950bef
6141,1783,other,Y,Night,1,0,1950bef
6160,1703,swimming,N,Night,0,1,
6200,2008,other,N,Day,0,1,2000
6228,1968,swimming,N,Day,0,1,1960
6241,1960,fishing,N,Day,0,1,1950bef
6242,1960,swimming,N,Day,0,1,1950bef
6243,1960,swimming,N,Day,0,1,1950bef
6259,1941,other,Y,Day,1,0,1950bef
6265,1941,swimming,Y,Day,1,0,1950bef
